Country Code,IMF Country Code,Country,Indicator Type,Series Name,1970,1971,1972,1973,1974,1975,1976,1977,1978,1979,1980,1981,1982,1983,1984,1985,1986,1987,1988,1989,1990,1991,1992,1993,1994,1995,1996,1997,1998,1999,2000,2001,2002,2003,2004,2005,2006,2007,2008,2009,2010,2011,2012,2013,2014,2015,2016,2017,2018,2019,2020,2021,2022,,Note
ABW,314,Aruba,Inflation,Food Consumer Price Inflation,,,,,,,,,,,,,,,,,,,,,,,,,,,,,,,,,3.4,2.6,3.3,3.8,5.2,13.7,11.2,4.6,-2.3,4.3,2.7,0.2,2.2,2.2,-0.2,0.7,7.4,12.8,11.0,,,,Food and non-acoholic beverage
AFG,512,Afghanistan,Inflation,Food Consumer Price Inflation,,,,,,,,,,,,25.4,23.6,16.9,18.3,10.7,-1.8,24.2,22.4,68.4,78.3,,,,,,,,,,,,,,,,6.3,12.3,41.1,-13.4,-0.3,10.7,4.7,7.6,7.7,-0.8,5.7,6.9,-1.0,3.8,5.8,,,,Food and non-acoholic beverage
AGO,614,Angola,Inflation,Food Consumer Price Inflation,,,,,,,,,,,,,,,,,,,,,,,,,,,,,,,,,,,,21.4,17.2,14.1,18.5,18.1,17.4,14.9,12.8,10.4,7.0,9.3,21.2,41.0,22.4,17.7,25.2,23.9,22.9,,"Food, Beverages and Tobacco"
ALB,914,Albania,Inflation,Food Consumer Price Inflation,,,,,,,,,,,,,,,,,,,,,3.5,111.2,121.1,86.9,14.6,6.9,15.8,36.2,21.3,-0.1,-2.1,3.7,6.3,4.3,-0.1,-0.5,1.0,3.0,5.2,4.9,4.8,4.8,2.3,4.2,2.2,4.3,3.2,3.9,2.7,2.9,3.6,3.9,11.2,,Food and non-acoholic beverage
ARE,466,United Arab Emirates,Inflation,Food Consumer Price Inflation,,,,,,,,,,,,,,,,,,,,,,,,,,,,,,,,,,,,,,,9.5,0.8,4.5,5.9,5.2,2.7,2.2,1.2,1.0,1.2,3.5,-1.4,3.7,0.0,6.9,,Food and non-acoholic beverage
ARG,213,Argentina,Inflation,Food Consumer Price Inflation,16.5,16.5,41.7,63.1,55.2,15.1,187.7,458.6,163.2,163.2,168.7,95.1,99.2,178.4,339.0,638.9,624.1,98.1,132.8,332.9,3086.5,2129.2,161.1,30.2,10.3,1.4,2.8,-0.5,-0.7,1.7,-3.7,-2.6,-1.9,34.6,19.2,5.0,11.0,12.1,11.2,6.8,2.8,14.4,8.7,,,,49.4,20.4,32.7,58.3,47.0,49.8,74.6,,Food and non-acoholic beverage
ARM,911,Armenia,Inflation,Food Consumer Price Inflation,,,,,,,,,,,,,,,,,,,,,,,,,4247.8,190.5,14.9,8.4,6.2,-5.6,-5.9,4.7,2.2,6.9,10.0,0.8,4.1,6.7,11.1,-0.9,9.4,12.3,2.0,5.8,0.5,27.9,-22.0,4.0,2.3,1.9,0.3,11.2,12.1,,"Food, Alcohol & Tobacco"
ATG,311,Antigua and Barbuda,Inflation,Food Consumer Price Inflation,8.0,10.1,10.1,20.6,31.3,16.5,10.1,12.8,6.2,14.4,,,3.6,2.0,5.7,2.2,-1.8,6.5,5.8,7.7,6.2,6.3,,,12.3,2.2,3.7,-1.1,1.4,3.1,1.8,3.6,1.4,-2.7,4.4,2.5,1.1,4.9,5.2,7.4,,,,,,,,,,1.5,2.7,1.2,10.6,,Food and non-acoholic beverage
AUS,193,Australia,Inflation,Food Consumer Price Inflation,3.6,3.9,3.9,15.4,14.8,7.9,12.1,11.4,9.8,13.8,12.6,9.5,7.6,10.2,5.5,6.2,8.9,5.4,7.9,8.8,4.4,3.4,1.4,2.4,1.2,4.0,2.8,2.6,2.7,3.4,2.4,6.6,3.6,3.7,2.3,2.4,7.8,2.3,4.7,3.7,1.5,4.8,-1.6,0.8,2.5,0.9,0.8,0.7,1.0,4.5,9.3,7.9,8.2,,Food and non-acoholic beverage
AUT,122,Austria,Inflation,Food Consumer Price Inflation,4.4,3.2,5.3,7.2,8.1,6.1,5.3,5.6,2.9,2.5,4.5,5.9,4.2,2.1,5.4,2.0,2.0,0.2,0.1,0.8,2.8,4.1,3.7,2.3,1.4,-1.7,0.1,1.5,1.9,-0.6,0.6,3.6,1.3,1.8,1.9,1.2,1.9,4.2,6.3,0.2,0.5,4.2,3.2,3.5,1.9,0.8,0.7,2.4,1.5,1.0,2.3,0.8,10.7,,Food and non-acoholic beverage
AZE,912,Azerbaijan,Inflation,Food Consumer Price Inflation,,,,,,,,,,,,,,,,,,,,,,98.3,931.0,1285.6,1693.3,422.4,17.6,-0.5,-1.3,-11.0,2.3,2.7,3.7,3.3,10.0,10.9,12.0,16.3,28.5,-1.5,7.2,10.4,0.8,2.3,0.9,6.1,14.7,16.5,1.8,3.7,4.8,8.2,-8.4,,Food Products 
BDI,618,Burundi,Inflation,Food Consumer Price Inflation,-2.8,4.9,1.9,5.9,19.7,18.9,6.3,7.5,22.5,31.8,7.9,10.3,7.1,8.1,13.6,7.9,-7.2,-0.8,7.5,18.6,7.4,6.8,-2.1,15.9,17.7,20.1,24.0,35.0,12.5,1.0,26.8,0.8,-5.7,13.8,10.9,17.8,0.5,8.9,34.2,11.1,6.2,9.1,13.7,9.5,2.3,5.8,7.2,24.0,-11.0,-2.8,8.6,10.4,20.8,,Food and non-acoholic beverage
BEL,124,Belgium,Inflation,Food Consumer Price Inflation,3.5,1.9,6.6,8.0,9.4,11.2,6.1,6.1,1.5,0.5,3.6,6.0,9.6,8.4,7.9,3.4,1.9,-0.4,0.0,3.1,3.7,3.7,-0.2,-0.6,2.0,1.3,1.4,2.3,1.9,0.0,0.9,4.6,2.4,2.1,1.3,1.8,2.6,3.9,6.1,0.8,1.7,2.7,3.1,3.4,-0.4,1.2,2.2,1.3,2.2,4.5,2.9,-0.4,8.8,,Food and non-acoholic beverage
BEN,638,Benin,Inflation,Food Consumer Price Inflation,,,,,,,,,,,,,,8.7,-5.8,-10.0,-6.5,-0.8,-1.1,-2.8,-0.7,-0.5,-0.3,-0.3,35.2,19.1,3.2,3.2,7.3,-0.3,1.2,2.3,5.5,-2.3,-0.7,9.2,-0.5,-1.1,18.0,5.6,5.6,5.7,4.7,2.6,-0.8,0.4,-0.5,-0.1,2.1,-2.8,0.5,5.9,-1.7,,Food and non-acoholic beverage
BFA,748,Burkina Faso,Inflation,Food Consumer Price Inflation,5.4,4.9,-0.1,21.5,15.2,38.4,-4.5,28.3,3.9,16.8,5.6,15.9,,4.4,9.7,3.2,-7.7,-11.3,11.5,-4.2,-1.4,9.6,-7.5,-5.6,17.7,11.8,15.4,2.5,9.3,-6.1,-5.8,8.8,3.1,-1.7,-4.8,14.6,-0.2,-1.7,23.3,2.6,1.5,6.1,5.4,-0.4,-3.2,2.4,1.0,0.4,3.4,-6.4,3.8,6.8,25.2,,Food and non-acoholic beverage
BGD,513,Bangladesh,Inflation,Food Consumer Price Inflation,2.3,10.1,34.0,47.4,68.6,20.8,-10.9,9.3,11.5,14.7,15.7,11.5,13.1,9.3,12.8,9.7,13.5,10.4,6.5,8.8,5.9,6.1,3.6,-2.2,3.8,9.0,3.4,6.6,10.5,8.1,2.0,1.2,2.0,5.8,7.5,8.0,7.6,10.5,11.0,5.5,10.1,12.4,3.4,7.9,7.9,6.1,4.5,7.2,6.2,5.6,5.8,5.3,7.4,,"Food, Beverage & Tobacco"
BGR,918,Bulgaria,Inflation,Food Consumer Price Inflation,-0.3,0.2,0.0,0.9,1.1,0.6,0.5,0.2,1.2,6.2,24.7,0.2,0.7,3.0,1.5,2.2,4.3,0.0,1.4,1.9,1.9,374.6,74.8,56.2,91.6,59.8,122.7,1097.0,11.1,-8.0,10.2,6.5,0.0,-1.0,6.7,4.0,5.4,13.4,16.7,-0.6,-0.4,6.9,3.0,2.8,-1.0,0.3,-0.2,4.0,2.2,5.2,5.4,2.8,20.2,,Food and non-acoholic beverage
BHR,419,Bahrain,Inflation,Food Consumer Price Inflation,,,,,,,13.1,13.6,10.5,2.2,5.9,4.1,-1.7,-2.8,4.1,,-0.4,-4.3,-1.0,0.8,0.1,2.1,0.1,-0.3,-1.0,6.2,0.5,,1.1,-1.0,-1.3,-1.4,-1.0,-1.5,2.2,3.0,2.0,4.5,10.9,9.0,4.9,2.0,4.0,2.4,2.9,2.4,1.3,1.0,2.1,2.4,3.5,-0.1,10.0,,Food and Non-Alcoholic Beverages
BHS,313,"Bahamas, The",Inflation,Food Consumer Price Inflation,4.7,4.8,5.4,5.4,18.7,11.6,2.9,2.0,8.1,10.9,15.2,14.9,6.7,1.3,1.6,5.5,12.8,4.8,6.4,5.4,7.7,8.6,2.1,0.8,-0.6,2.1,2.6,1.6,2.2,0.2,1.7,2.1,2.0,0.5,2.0,3.3,4.6,3.9,7.1,5.0,-1.2,1.9,,1.1,2.3,5.8,-0.9,-0.1,2.4,0.2,1.0,2.1,,,Food and non-acoholic beverage
BIH,963,Bosnia and Herzegovina,Inflation,Food Consumer Price Inflation,,,,,,,,,,,,,,,,,,,,,,,,,,,,,,,,,,,,2.8,8.3,2.9,11.6,0.0,-0.1,6.0,1.8,0.0,-2.7,-0.9,-1.0,1.0,0.4,1.1,1.0,3.5,20.3,,Food and non-acoholic beverage
BLR,913,Belarus,Inflation,Food Consumer Price Inflation,0.2,0.0,0.1,0.1,0.3,0.1,0.2,-0.1,1.3,0.5,0.5,1.4,4.0,1.6,0.0,1.8,6.2,4.5,0.0,0.4,2.9,88.5,1053.4,1415.1,2373.5,661.8,49.6,69.9,75.8,312.7,164.9,56.8,38.9,22.8,19.6,11.9,6.1,9.8,17.7,14.0,9.1,62.2,68.0,18.8,18.7,12.2,10.6,7.0,4.1,6.4,4.3,9.6,16.7,,Food and non-acoholic beverage
BLZ,339,Belize,Inflation,Food Consumer Price Inflation,,,,,,,,,,,,8.0,5.5,4.4,2.9,0.5,0.3,1.7,3.3,4.2,2.2,6.1,3.0,1.6,1.1,2.7,6.4,1.8,-1.0,-1.7,0.6,-1.1,0.5,3.2,1.7,3.5,3.4,5.8,13.9,1.2,-4.0,0.4,2.4,1.5,0.8,-0.4,0.1,-1.1,-0.5,0.6,1.1,4.8,6.8,,Food and non-acoholic beverage
BOL,218,Bolivia,Inflation,Food Consumer Price Inflation,4.5,4.0,6.4,35.0,81.7,5.3,2.4,8.2,10.0,18.6,47.6,35.2,123.9,303.7,1315.6,11275.6,276.7,10.3,11.4,14.4,18.7,21.7,13.4,6.7,9.0,12.0,14.3,3.4,5.4,-1.6,2.1,0.6,-0.9,3.5,6.0,5.8,5.8,14.6,25.6,1.3,2.9,13.9,3.9,8.9,8.1,4.6,5.5,3.3,2.5,3.4,-0.7,0.6,1.4,,Food and non-acoholic beverage
BRA,223,Brazil,Inflation,Food Consumer Price Inflation,26.0,24.9,21.5,18.2,30.5,30.8,39.6,40.5,,,100.2,49.8,90.9,158.6,204.2,221.1,131.6,196.8,653.1,1345.1,2618.2,450.0,1090.6,1949.8,2280.1,58.5,5.9,0.7,2.8,3.4,5.1,6.7,9.7,20.4,4.0,3.1,0.0,6.8,13.0,5.8,6.1,8.8,8.1,11.2,7.5,9.8,12.5,0.9,0.9,4.9,9.1,12.7,11.5,,Food and non-acoholic beverage
BRB,316,Barbados,Inflation,Food Consumer Price Inflation,6.5,8.2,16.7,17.8,44.3,22.4,4.2,8.5,10.1,11.1,,14.9,7.3,2.7,4.0,5.2,2.4,4.6,6.5,9.1,4.0,4.8,0.3,-0.1,0.3,3.9,3.9,13.5,-4.3,2.5,2.5,5.2,1.8,2.8,4.5,7.0,7.9,7.1,13.5,6.7,3.7,,,,0.5,2.8,8.2,6.2,3.7,6.0,11.8,,12.0,,Food and non-acoholic beverage
BRN,516,Brunei Darussalam,Inflation,Food Consumer Price Inflation,1.0,0.0,-1.7,12.4,20.0,3.5,7.5,13.6,5.8,4.9,8.3,12.3,9.1,0.9,3.1,1.0,0.6,1.0,1.7,0.6,0.2,2.5,0.8,2.6,1.3,2.5,3.0,3.7,0.3,-0.2,0.0,0.5,0.3,-0.8,1.6,0.5,0.3,2.2,5.0,1.0,1.0,0.0,0.0,0.1,-0.2,0.8,-0.9,0.5,1.7,0.0,2.1,2.4,5.0,,Food and non-acoholic beverage
BTN,514,Bhutan,Inflation,Food Consumer Price Inflation,,,,,,,,,,,,,,,,,5.6,6.4,10.7,8.4,8.2,13.3,18.0,8.8,2.8,10.1,9.3,3.7,11.4,5.8,1.0,1.5,2.0,0.9,,5.7,5.0,8.1,11.9,9.0,8.8,,,6.9,10.1,3.3,14.1,-2.0,5.0,3.6,11.4,8.9,3.8,,Food and non-acoholic beverage
BWA,616,Botswana,Inflation,Food Consumer Price Inflation,4.9,-0.6,6.1,15.4,17.3,10.4,5.4,14.6,11.4,10.9,18.2,22.3,13.2,12.9,8.6,9.6,10.1,10.7,8.5,9.2,11.8,11.8,18.8,13.6,9.4,10.8,13.3,10.3,6.2,6.8,4.7,2.6,9.3,11.4,4.6,5.4,12.5,11.4,20.2,14.3,3.7,6.9,7.9,5.4,3.0,1.3,2.7,3.4,-0.5,1.4,3.7,7.1,10.1,,Food and Nonalcoholic Beverages
CAF,626,Central African Republic,Inflation,Food Consumer Price Inflation,1.5,8.1,9.6,5.8,11.0,15.5,7.1,15.0,8.2,9.3,16.4,9.0,7.5,23.5,0.1,10.6,0.0,-9.9,-4.1,1.0,0.7,-4.1,-1.1,-4.2,24.5,23.0,5.8,0.6,-2.7,-3.1,3.9,4.7,2.0,5.2,-4.6,3.5,7.2,1.9,11.4,3.6,1.4,1.1,7.1,9.0,14.8,4.7,4.4,,,,,5.4,,,Food and non-acoholic beverage
CAN,156,Canada,Inflation,Food Consumer Price Inflation,1.6,0.5,7.7,15.0,15.8,12.5,1.6,8.8,17.4,13.5,11.1,11.9,6.4,2.9,6.1,2.5,5.0,4.5,2.0,3.1,3.9,2.3,-1.4,1.8,0.1,2.7,1.2,1.5,1.6,1.1,1.1,4.8,2.5,1.4,1.8,2.3,2.3,2.6,3.9,5.5,0.9,4.2,2.4,1.1,2.5,4.1,1.0,-1.0,0.8,3.7,2.4,2.2,9.8,,Food and non-acoholic beverage
CHE,146,Switzerland,Inflation,Food Consumer Price Inflation,2.5,6.5,6.4,6.1,10.8,6.2,-1.5,1.4,4.0,3.7,6.9,10.5,6.8,2.2,3.8,2.6,0.8,0.8,2.2,1.1,5.5,4.4,0.1,-0.2,0.4,0.7,-0.5,0.7,0.8,-0.1,1.6,2.1,2.3,1.3,0.5,-0.7,0.0,0.5,3.1,-0.2,-1.1,-3.3,-1.0,1.2,0.9,-0.8,0.4,0.4,1.3,0.1,0.1,-1.6,1.7,,Food and non-acoholic beverage
CHL,228,Chile,Inflation,Food Consumer Price Inflation,35.4,23.8,115.2,376.5,513.7,359.6,212.8,86.2,34.6,31.1,36.1,14.2,3.6,25.8,21.1,28.3,23.9,24.1,13.3,20.8,26.0,25.8,18.0,10.9,9.8,8.3,6.1,7.2,3.7,0.3,1.2,0.6,1.9,3.2,-1.9,2.9,2.7,9.6,17.1,4.7,2.2,6.7,7.6,4.4,7.0,7.1,3.8,2.0,3.1,2.4,6.7,5.4,17.7,,Food and non-acoholic beverage
CHN,924,China,Inflation,Food Consumer Price Inflation,,,,,,0.3,0.0,0.1,0.1,2.8,10.6,-1.1,3.1,1.2,8.3,13.0,7.4,8.9,20.7,17.1,1.1,2.5,10.7,16.5,32.0,22.4,7.6,-0.1,-3.2,-4.2,-2.6,0.0,-0.7,3.4,9.8,2.8,2.5,12.4,14.4,0.7,7.3,11.9,4.9,4.7,3.1,2.5,4.5,-1.3,1.8,9.3,10.7,-1.7,2.5,,Food and non-acoholic beverage
CIV,662,Côte d'Ivoire,Inflation,Food Consumer Price Inflation,12.7,-1.8,-1.1,17.7,18.1,10.4,7.3,40.0,11.3,21.8,18.9,5.2,4.2,4.3,5.0,1.6,10.0,12.0,12.1,1.0,-1.3,2.5,3.3,3.4,22.5,22.5,9.2,9.2,9.2,-4.5,0.0,5.7,5.6,4.0,-3.8,2.5,3.0,5.4,11.6,3.4,5.8,10.4,-0.3,1.9,-2.1,2.0,3.0,0.3,-0.5,1.0,4.2,7.7,8.8,,Food and non-acoholic beverage
CMR,622,Cameroon,Inflation,Food Consumer Price Inflation,9.3,6.3,12.0,9.1,14.1,16.2,11.2,23.5,11.5,4.8,9.0,13.0,19.0,14.8,4.6,-0.7,1.3,5.7,0.5,-7.0,-10.2,-0.8,-1.8,-1.8,8.4,8.4,3.1,7.0,3.3,1.0,2.3,7.0,4.8,-0.7,-2.0,1.1,6.9,1.0,9.2,6.0,1.2,4.8,3.4,3.2,0.8,2.0,1.1,0.0,1.2,2.9,3.5,4.3,12.0,,Food and non-acoholic beverage
COD,636,"Congo, Dem. Rep.",Inflation,Food Consumer Price Inflation,10.2,10.3,20.2,16.5,29.5,30.2,98.1,76.9,57.0,96.8,21.3,39.2,,,,,,,,,,,,,,,,,,,,,,,,7.4,9.8,26.4,38.7,51.2,12.7,14.8,7.4,0.7,1.4,0.8,3.0,,,,,,,,Food and non-acoholic beverage
COG,634,"Congo, Rep.",Inflation,Food Consumer Price Inflation,0.7,4.9,10.2,5.0,5.7,16.0,6.1,6.1,15.2,15.2,4.8,13.9,16.8,9.7,12.5,5.3,-2.2,0.6,-5.8,-0.5,1.5,-3.8,-8.1,6.8,47.6,6.8,7.2,24.7,-0.4,4.8,-5.2,-1.7,4.7,-5.8,-6.3,5.4,10.1,7.3,8.1,7.5,-0.7,1.6,10.9,7.8,-4.1,4.1,3.0,,,,,3.0,6.2,,Food and non-acoholic beverage
COL,233,Colombia,Inflation,Food Consumer Price Inflation,5.9,12.8,15.3,29.5,29.0,27.1,20.1,43.2,12.5,22.7,28.9,28.6,25.4,20.6,15.6,31.5,19.3,26.8,32.6,24.7,26.8,30.3,30.2,15.9,20.9,19.2,15.9,15.8,22.5,6.2,9.6,9.8,9.8,8.1,6.4,6.4,5.6,8.4,12.4,3.6,0.2,4.6,3.4,0.4,3.0,8.6,13.1,0.7,0.8,4.9,5.6,9.7,25.0,,Food
COM,632,Comoros,Inflation,Food Consumer Price Inflation,,,,,,,,,,,,,,,,,,,,,,,,,,,,,,,-2.0,4.6,5.9,2.4,4.1,1.6,1.0,9.5,4.7,-7.0,2.8,2.0,7.9,2.0,2.2,-0.3,,,3.2,,,,,,Food and non-acoholic beverage
CPV,624,Cabo Verde,Inflation,Food Consumer Price Inflation,9.5,21.0,12.2,14.1,52.6,27.2,1.2,12.4,27.4,,,,,,12.0,-1.1,13.0,4.3,3.1,9.1,12.0,9.4,8.7,3.7,1.9,11.4,5.5,10.1,4.6,3.5,-1.7,5.3,0.6,-0.1,-3.3,-0.1,6.5,5.0,9.1,2.1,2.2,5.2,2.6,0.7,-1.2,1.4,0.1,-0.2,0.5,1.4,3.7,0.6,14.9,,Food and non-acoholic beverage
CRI,238,Costa Rica,Inflation,Food Consumer Price Inflation,7.6,3.7,1.2,21.7,29.3,16.3,4.9,4.9,10.3,12.7,21.7,36.7,113.6,32.2,8.8,12.3,11.8,14.7,20.2,17.9,18.2,26.0,23.9,11.1,13.4,18.8,18.6,14.4,14.5,8.9,8.6,10.6,10.2,8.8,14.9,17.8,11.6,15.1,23.9,8.2,4.6,5.6,3.5,3.8,4.3,3.2,-0.8,1.7,1.6,0.8,0.5,2.2,15.0,,Food and non-acoholic beverage
CUW,354,Curacao,Inflation,Food Consumer Price Inflation,,,,,,,,,,,,,,,,,,,,,,,,,,,,,,,,,4.1,1.0,1.7,7.1,3.9,2.7,13.7,9.3,3.1,9.1,11.4,6.3,6.3,7.0,4.0,,,,,,,,Food and non-acoholic beverage
CYP,423,Cyprus,Inflation,Food Consumer Price Inflation,1.3,4.9,6.7,8.5,20.1,9.2,2.6,,5.7,6.7,14.6,11.5,8.1,4.3,8.4,4.7,2.9,2.9,4.1,4.6,4.7,6.8,7.8,2.0,1.3,1.3,3.1,5.2,4.1,2.1,5.5,4.1,4.6,5.1,4.0,1.6,4.8,5.6,7.6,3.7,0.2,4.1,0.8,0.2,-1.5,-0.3,-0.3,-0.3,0.7,0.4,1.2,-0.4,7.9,,Food and non-acoholic beverage
CZE,935,Czech Republic,Inflation,Food Consumer Price Inflation,0.2,-0.4,-0.2,0.1,0.2,-0.1,1.2,1.4,1.9,1.4,1.4,1.4,9.4,0.6,0.6,2.6,0.4,0.2,-0.3,0.1,11.1,45.2,9.6,16.1,10.1,11.1,8.0,4.4,4.4,-5.5,1.0,5.1,-1.9,-2.2,3.4,-0.3,0.9,4.7,8.1,-4.0,1.5,4.6,6.9,4.9,2.0,-1.1,-0.9,5.2,1.3,2.8,4.5,0.8,16.7,,Food and non-acoholic beverage
DEU,134,Germany,Inflation,Food Consumer Price Inflation,2.4,3.8,5.7,7.5,4.8,5.3,4.6,4.9,1.4,1.7,4.0,4.8,6.2,2.7,1.5,0.9,0.6,-0.5,0.2,2.3,3.0,2.7,2.1,0.5,1.6,1.0,0.6,1.4,1.1,-1.3,-0.7,4.5,0.8,-0.2,-0.3,0.0,2.0,3.8,6.1,-1.3,1.2,2.8,3.4,3.9,1.0,0.6,0.8,2.8,2.3,1.2,2.3,3.2,12.6,,Food and non-acoholic beverage
DJI,611,Djibouti,Inflation,Food Consumer Price Inflation,2.8,2.8,10.4,6.4,14.7,12.6,14.0,34.2,26.0,12.3,6.1,4.9,-6.4,-0.9,,,,,,,,,,,,,,,,,,,,,,,,,,,,,,2.4,0.3,3.1,6.0,1.9,1.7,5.7,6.4,,,,Food and non-acoholic beverage
DMA,321,Dominica,Inflation,Food Consumer Price Inflation,14.8,2.0,2.5,13.4,37.7,18.0,10.7,7.1,5.0,20.9,37.8,15.7,1.9,-0.5,1.7,0.3,2.2,8.4,3.1,8.0,-1.8,5.1,8.5,2.1,-1.2,1.7,1.9,3.6,0.0,0.3,-0.3,1.5,1.5,0.4,2.8,2.5,4.1,5.3,11.7,5.5,5.5,3.7,3.7,1.6,1.1,0.7,0.0,-0.2,2.2,1.9,0.6,,,,Food and non-acoholic beverage
DNK,128,Denmark,Inflation,Food Consumer Price Inflation,8.5,6.4,9.1,13.4,11.8,11.2,10.8,13.3,8.9,5.4,10.0,11.9,10.2,5.3,8.8,4.2,2.0,0.9,3.6,4.2,0.3,0.7,1.7,-0.3,2.9,3.1,1.7,3.5,2.1,0.7,2.5,3.9,2.2,1.4,-1.0,0.6,2.7,4.5,7.6,-0.1,0.4,4.0,4.3,0.4,-0.9,1.0,0.1,2.8,0.0,1.4,0.6,0.6,11.5,,Food and non-acoholic beverage
DOM,243,Dominican Republic,Inflation,Food Consumer Price Inflation,5.5,5.1,6.0,18.4,17.7,17.7,-2.8,9.3,-3.0,10.9,15.3,0.4,7.9,6.5,21.9,43.5,11.9,20.5,56.7,47.6,49.6,48.8,0.3,3.0,6.8,14.5,4.5,7.6,6.5,5.4,-0.1,4.4,4.6,27.8,71.2,-2.8,3.3,4.2,15.8,3.3,4.2,9.1,5.0,4.6,3.9,6.7,2.2,2.3,3.6,3.8,6.4,9.9,10.6,,Food and non-acoholic beverage
DZA,612,Algeria,Inflation,Food Consumer Price Inflation,5.6,2.7,4.0,11.2,7.1,11.5,14.4,15.9,19.1,13.5,10.9,18.3,7.4,5.4,7.6,12.4,17.0,7.6,3.8,9.1,23.8,21.1,25.9,23.7,41.1,28.8,21.7,4.8,6.9,0.9,-2.1,4.4,1.8,4.5,4.9,0.2,4.2,6.4,7.5,8.2,4.2,5.9,13.0,3.0,4.5,3.6,2.6,5.6,1.7,0.6,0.2,10.1,12.7,,Food and non-acoholic beverage
ECU,248,Ecuador,Inflation,Food Consumer Price Inflation,3.3,6.5,11.1,20.3,32.4,18.6,9.5,15.6,10.3,10.0,11.0,11.1,17.1,77.9,37.0,30.7,23.2,28.7,64.3,88.0,47.4,48.2,54.2,41.8,24.8,21.0,22.2,36.1,39.6,39.1,120.8,31.7,8.2,2.4,1.4,2.7,5.7,3.3,16.8,5.9,4.8,6.7,5.8,1.8,4.5,4.2,2.5,0.5,-1.6,0.0,0.8,-0.9,4.7,,Food and Non-Alcoholic Beverages
EGY,469,"Egypt, Arab Rep.",Inflation,Food Consumer Price Inflation,6.8,5.4,2.8,6.8,16.9,12.2,14.8,14.3,9.6,7.5,26.7,14.2,14.5,18.5,16.6,18.4,24.5,22.6,20.6,25.4,15.9,16.6,8.6,7.4,9.3,10.3,7.6,4.1,3.9,3.8,2.5,1.1,4.2,6.7,5.9,5.0,10.1,13.0,24.0,16.0,19.9,15.5,9.2,12.4,12.3,10.7,16.7,38.7,13.3,7.1,-0.2,4.6,21.0,,Food and Non-alcoholic Beverages
ESP,184,Spain,Inflation,Food Consumer Price Inflation,3.7,7.8,9.2,12.7,14.3,17.0,18.5,23.6,19.1,10.1,9.1,13.6,15.0,10.7,12.6,9.5,10.6,5.0,3.7,7.7,6.5,3.5,3.7,4.1,5.4,4.9,3.4,-0.7,1.1,1.3,2.0,5.9,4.7,4.1,3.9,3.2,4.1,3.7,5.9,-1.1,-0.8,2.1,2.3,2.8,-0.3,1.2,1.4,1.2,1.6,1.0,2.4,1.8,11.6,,Food and non-acoholic beverage
EST,939,Estonia,Inflation,Food Consumer Price Inflation,,,,,,,,,,,,,,,,,,,,,,233.0,937.2,73.9,33.3,15.9,18.2,5.5,4.9,-3.8,2.4,8.3,3.0,-1.7,4.2,3.5,5.1,9.3,14.2,-4.0,3.0,9.7,3.8,4.1,0.0,-0.5,0.0,5.7,3.1,3.0,2.1,1.8,19.9,,Food and non-acoholic beverage
ETH,644,Ethiopia,Inflation,Food Consumer Price Inflation,15.3,-0.1,-12.0,12.8,8.6,4.5,41.9,16.7,17.1,18.0,5.2,4.6,6.0,0.7,11.0,25.3,-15.2,-6.1,7.9,6.5,5.2,41.3,11.9,1.4,10.2,12.3,-4.9,1.8,1.8,9.3,-1.1,-15.2,2.6,25.1,3.4,12.8,13.6,22.0,60.0,3.3,1.5,39.2,28.1,5.8,5.4,12.1,6.5,11.4,12.5,18.9,23.1,31.8,36.4,,Food and non-acoholic beverage
FIN,172,Finland,Inflation,Food Consumer Price Inflation,1.5,4.3,9.4,11.9,16.0,20.7,16.3,17.5,4.5,4.2,12.9,12.9,12.3,6.8,7.7,7.2,3.9,2.3,1.7,3.6,3.7,2.9,-0.1,-0.6,0.2,-7.9,-1.8,1.4,1.7,-0.4,1.1,4.4,2.9,0.6,0.7,0.3,1.4,2.1,8.6,2.0,-3.6,6.3,5.2,5.4,0.1,-1.9,-1.1,-0.9,1.9,1.2,1.2,0.6,10.5,,Food and non-acoholic beverage
FJI,819,Fiji,Inflation,Food Consumer Price Inflation,4.2,9.1,11.6,20.2,15.6,12.4,3.2,7.5,5.2,6.0,15.3,12.8,9.3,5.9,4.6,8.3,-1.8,6.1,18.4,10.0,8.2,1.6,-0.4,6.8,0.5,0.7,2.3,4.7,7.7,1.8,-3.2,4.1,0.5,6.2,3.8,1.7,1.8,9.7,11.5,6.7,4.1,10.6,4.3,3.5,1.9,4.8,6.0,-2.2,1.1,4.9,-2.4,6.5,5.8,,Food and non-acoholic beverage
FRA,132,France,Inflation,Food Consumer Price Inflation,6.3,6.0,7.7,9.9,12.5,11.5,11.1,12.8,9.0,9.2,10.4,14.1,13.2,9.5,8.3,5.4,3.4,3.1,2.4,4.3,3.1,2.8,0.4,-0.1,0.8,1.2,1.1,1.8,1.7,0.4,2.2,5.5,2.7,2.3,0.5,0.2,1.7,1.5,5.1,0.1,0.8,2.0,2.9,1.1,-0.8,0.4,0.6,1.1,2.0,2.5,2.0,0.6,7.3,,Food and non-acoholic beverage
GAB,646,Gabon,Inflation,Food Consumer Price Inflation,2.4,6.4,6.1,6.8,7.5,,,,,,,,,,,,5.4,-0.2,-13.3,9.1,11.6,0.4,-16.5,1.7,31.0,7.9,1.0,6.3,3.0,-0.6,0.5,5.0,0.2,1.9,-1.9,0.2,0.9,2.3,7.8,3.7,4.4,4.0,5.7,-0.4,3.0,2.8,-0.1,-0.7,1.9,3.1,1.7,1.4,5.7,,Food and non-acoholic beverage
GBR,112,United Kingdom,Inflation,Food Consumer Price Inflation,6.9,11.5,8.9,15.4,18.0,25.0,19.8,18.8,7.8,12.6,13.6,8.7,7.8,3.7,5.9,4.0,3.3,3.1,3.4,5.6,8.1,5.3,2.1,1.7,0.9,3.6,3.2,-0.2,1.0,0.3,-0.5,3.8,0.8,1.3,0.8,1.5,2.4,4.5,9.2,5.5,3.4,5.5,3.2,3.7,-0.2,-2.6,-2.4,2.3,2.1,10.9,0.7,0.3,10.9,,Food and non-acoholic beverage
GEO,915,Georgia,Inflation,Food Consumer Price Inflation,,,,,,,,,,,,,,,,,,,,,,,,,,139.9,33.0,4.7,3.9,18.5,1.3,6.6,7.5,7.1,7.7,13.1,11.7,9.8,12.9,4.2,1.8,16.0,-4.5,-0.7,5.1,4.2,1.6,6.8,2.3,8.2,10.6,10.8,16.8,,Food and non-acoholic beverage
GHA,652,Ghana,Inflation,Food Consumer Price Inflation,5.0,12.4,10.2,20.8,15.9,30.8,67.6,150.6,59.4,61.7,52.3,111.1,36.0,144.5,11.0,-11.1,20.3,38.5,34.1,25.1,40.1,9.0,10.4,25.0,25.9,62.2,35.8,20.9,14.8,8.7,11.8,23.2,18.2,24.7,16.6,15.6,9.2,12.2,15.2,15.7,6.1,6.7,6.7,7.3,6.8,7.5,8.7,7.3,7.8,7.9,11.8,10.3,28.8,,Food and non-acoholic beverage
GIN,656,Guinea,Inflation,Food Consumer Price Inflation,,,,,,,,,,,,,,,,,,,32.5,27.3,17.7,16.4,12.8,9.3,4.7,7.9,1.5,-0.5,10.1,5.4,4.0,4.5,6.1,21.4,21.2,37.0,42.5,28.5,20.6,7.1,20.4,27.4,15.6,12.6,10.6,11.5,11.5,13.6,13.4,11.4,12.7,15.8,13.3,,Food and non-acoholic beverage
GMB,648,"Gambia, The",Inflation,Food Consumer Price Inflation,8.7,3.1,9.7,6.0,13.3,34.4,19.3,12.5,6.3,5.8,5.2,5.3,8.9,13.7,21.3,17.3,60.1,23.4,12.7,6.9,14.1,8.3,8.5,8.7,-1.2,8.7,1.1,1.4,3.6,4.0,0.2,-0.7,18.1,20.4,16.1,3.1,1.8,7.9,6.0,5.4,6.6,6.4,5.0,6.7,6.8,8.3,8.2,8.7,6.3,6.8,6.6,9.6,12.9,,Food and non-acoholic beverage
GNB,654,Guinea-Bissau,Inflation,Food Consumer Price Inflation,,,,,,,,,,,,,,,,,,,,,,,,,,,,,,,,,-32.5,-2.9,1.0,3.7,0.5,5.9,15.9,-0.2,0.1,7.4,2.8,0.8,-1.3,3.1,2.5,1.7,,,,5.3,9.1,,Food and non-acoholic beverage
GNQ,642,Equatorial Guinea,Inflation,Food Consumer Price Inflation,,,,,,,,,,,,,,,,,,,,,,-5.0,-7.3,3.4,40.2,10.9,7.0,7.2,9.1,0.6,1.6,11.5,9.6,6.4,4.4,6.8,6.0,,,,4.7,7.1,3.9,4.6,4.4,1.5,-4.1,1.6,1.0,0.4,4.7,-1.2,5.6,,Food and non-acoholic beverage
GRC,174,Greece,Inflation,Food Consumer Price Inflation,7.7,5.0,3.7,16.2,33.5,11.8,13.8,14.1,14.3,18.7,27.6,30.1,21.1,18.0,18.2,19.5,20.3,12.6,11.1,18.3,20.0,17.8,11.8,9.9,13.3,8.5,7.0,4.2,4.0,2.7,1.9,5.1,5.3,5.0,0.5,0.6,3.7,3.2,5.4,1.9,0.1,3.1,1.5,0.0,-1.7,1.8,-0.2,0.3,0.4,-4.7,1.4,1.4,11.8,,Food and non-acoholic beverage
GRD,328,Grenada,Inflation,Food Consumer Price Inflation,,,,,,,,,,,19.0,21.5,5.2,5.6,4.6,0.2,2.2,-0.2,5.1,8.4,4.0,1.9,0.6,4.0,4.8,5.2,4.5,0.4,1.7,1.4,-0.7,1.8,-0.4,0.7,3.2,4.1,5.6,6.7,14.4,1.4,3.3,4.4,3.0,0.9,0.8,1.0,-2.3,0.6,0.6,0.4,1.0,1.7,,,Food and non-acoholic beverage
GTM,258,Guatemala,Inflation,Food Consumer Price Inflation,4.0,-1.9,0.1,19.3,15.8,14.6,9.6,11.0,4.6,10.3,11.2,11.2,-2.8,2.0,2.0,21.9,36.0,15.4,14.8,13.3,47.1,32.3,7.2,14.5,16.1,8.8,11.5,6.8,4.6,2.2,4.3,10.5,10.5,5.7,10.3,13.2,7.1,9.9,15.1,2.0,3.4,10.7,7.2,8.4,7.5,9.3,9.9,8.9,7.2,7.8,6.4,4.8,8.7,,Food and non-acoholic beverage
GUY,336,Guyana,Inflation,Food Consumer Price Inflation,9.9,1.2,8.8,12.0,26.4,8.4,13.8,8.5,17.2,18.9,12.1,27.6,29.3,20.9,29.7,23.6,8.7,30.0,47.0,70.4,53.2,53.2,24.6,7.1,11.4,17.0,7.6,0.8,3.6,8.8,4.1,0.6,3.9,3.9,4.4,7.5,6.8,15.7,14.7,-0.4,,,,,,,,,,,,,,,Food and non-acoholic beverage
HKG,532,Hong Kong SAR,Inflation,Food Consumer Price Inflation,,,,,,,,,,,,,12.0,8.5,6.8,0.6,1.6,5.1,9.6,12.5,10.0,11.4,9.0,7.5,6.8,7.1,3.9,3.6,1.9,-1.9,-2.2,-0.8,-2.1,-1.6,1.1,1.8,1.7,4.3,10.1,1.3,2.3,7.0,5.8,4.4,4.1,3.9,3.4,2.2,3.4,4.9,3.3,1.4,3.7,,Food 
HND,268,Honduras,Inflation,Food Consumer Price Inflation,5.2,3.2,4.7,5.2,17.1,9.4,3.9,11.3,6.1,8.0,19.2,7.3,6.7,5.3,0.3,1.6,2.8,0.6,8.3,12.5,26.5,43.7,6.2,12.7,27.3,28.3,24.7,19.8,11.7,7.9,8.3,8.7,3.9,3.6,6.8,10.0,4.2,9.6,17.2,3.6,1.8,6.1,3.0,5.1,6.7,3.3,1.0,1.6,3.5,2.2,4.7,2.9,12.5,,Food and non-acoholic beverage
HRV,960,Croatia,Inflation,Food Consumer Price Inflation,,,,,,,,,,,,41.6,39.6,45.1,50.0,71.4,91.7,131.9,187.5,1147.8,553.3,122.9,720.6,1357.7,101.1,0.8,3.2,4.4,6.4,0.8,0.3,2.5,0.2,1.6,1.4,4.6,2.5,3.3,10.0,1.6,-1.5,3.5,3.7,3.7,-2.2,0.4,-0.5,2.9,1.0,-0.1,1.9,1.6,14.8,,Food and non-acoholic beverage
HTI,263,Haiti,Inflation,Food Consumer Price Inflation,0.4,7.2,10.0,27.4,12.5,18.6,6.3,7.8,-7.0,15.7,36.4,13.2,0.9,11.0,6.1,11.7,3.3,-18.9,6.4,7.8,22.8,14.6,10.2,27.0,41.2,-4.5,,,9.7,1.9,9.7,15.5,10.3,36.7,28.2,,14.0,8.1,19.7,-2.6,5.0,10.2,6.6,6.5,3.8,9.5,14.7,14.2,13.8,22.2,26.0,19.7,29.0,,Food and non-acoholic beverage
HUN,944,Hungary,Inflation,Food Consumer Price Inflation,1.0,2.0,1.0,4.8,0.5,1.1,10.2,5.5,3.6,10.3,13.4,3.0,5.1,5.0,12.9,6.4,1.9,9.5,16.1,17.7,34.9,20.8,20.5,29.3,23.6,30.8,17.3,17.5,14.2,2.9,9.2,13.7,5.3,2.7,6.5,2.5,7.7,11.5,10.1,4.4,3.1,6.6,5.9,2.7,-0.4,0.9,0.6,2.7,4.2,5.1,7.3,3.4,27.8,,Food and non-acoholic beverage
IDN,536,Indonesia,Inflation,Food Consumer Price Inflation,9.2,2.6,10.4,43.4,41.3,20.6,22.0,10.7,7.8,3.0,17.0,14.8,5.9,9.2,9.9,2.4,8.6,11.0,12.9,8.0,7.2,8.0,7.7,7.0,10.8,13.3,8.1,8.7,92.6,25.0,-4.8,8.4,10.8,1.1,5.9,10.3,14.9,11.0,17.0,7.0,9.4,8.5,5.9,11.8,6.8,7.2,7.2,2.1,4.2,,3.4,2.7,6.3,,"Food, Beverage and Tobacco"
IND,534,India,Inflation,Food Consumer Price Inflation,5.9,3.3,4.5,19.5,27.2,-0.6,-6.0,8.2,3.4,3.0,9.3,12.3,6.7,9.3,8.9,8.3,10.3,9.9,6.2,8.1,10.5,15.7,11.1,12.2,11.2,11.6,4.3,7.9,17.3,-2.4,3.9,1.2,1.4,5.0,4.2,1.9,10.3,10.3,10.1,11.1,10.3,8.6,9.3,12.9,7.1,5.3,5.3,1.8,1.7,3.6,8.7,3.7,6.9,,Food and Beverages
IRL,178,Ireland,Inflation,Food Consumer Price Inflation,7.6,7.4,11.8,16.5,14.7,21.5,19.0,16.1,9.6,14.7,9.6,14.2,12.4,7.3,9.9,3.2,4.2,2.6,2.6,4.8,1.4,0.7,1.1,-0.3,3.3,2.8,1.7,1.5,4.1,3.0,3.1,6.5,3.5,1.5,-0.3,-0.7,1.4,2.8,6.5,-3.5,-4.6,1.2,0.6,1.1,-2.2,-2.1,-1.3,-2.1,-2.0,-0.7,-1.4,-0.3,6.9,,Food and non-acoholic beverage
IRN,429,"Iran, Islamic Rep.",Inflation,Food Consumer Price Inflation,0.6,6.6,8.6,6.9,15.9,12.2,6.8,18.9,18.8,22.5,28.5,29.7,16.9,18.4,9.0,5.3,26.2,23.6,13.7,20.1,3.0,19.0,33.7,21.3,31.8,61.2,25.0,10.2,23.4,24.3,12.0,6.6,16.3,17.7,13.0,13.0,10.3,20.6,31.0,11.9,12.4,26.1,38.0,50.1,13.7,10.5,6.6,12.5,23.1,55.7,27.8,59.2,60.5,,Food and non-acoholic beverage
IRQ,433,Iraq,Inflation,Food Consumer Price Inflation,3.9,4.2,5.2,5.6,10.1,9.7,11.2,8.2,5.6,,,,25.0,13.4,5.7,2.4,0.7,23.1,23.5,7.1,64.5,260.8,72.3,215.5,500.8,427.2,-22.9,15.5,11.2,0.0,-3.1,8.2,9.1,16.5,8.7,22.3,29.9,13.9,10.9,7.6,3.1,3.1,,,,2.3,-3.1,-1.8,0.2,0.0,-0.5,4.9,6.2,,Food and non-acoholic beverage
ISL,176,Iceland,Inflation,Food Consumer Price Inflation,15.9,1.9,16.5,30.0,45.2,50.8,36.0,32.5,43.8,32.3,65.9,55.9,46.2,92.9,31.1,37.7,22.9,16.7,33.9,19.0,12.8,2.6,1.3,2.3,-2.2,2.8,3.2,3.3,2.8,3.3,4.1,6.9,4.2,-2.7,1.1,-2.6,8.0,-1.1,16.0,17.5,4.2,3.8,6.1,5.1,0.5,2.8,1.3,-2.4,2.5,3.8,4.9,3.5,7.2,,Food and non-acoholic beverage
ISR,436,Israel,Inflation,Food Consumer Price Inflation,3.3,13.1,8.4,20.6,44.5,46.0,27.0,42.1,45.8,79.1,165.9,96.5,114.8,156.1,376.4,311.7,54.7,15.7,17.5,19.9,8.3,14.1,13.3,5.7,11.3,6.9,9.3,9.2,5.9,6.6,2.3,2.3,2.8,2.8,-0.6,1.7,5.1,4.1,12.3,1.1,2.5,3.3,0.5,5.2,-1.4,0.0,-1.3,0.0,0.9,2.1,0.0,1.0,4.3,,Food and non-acoholic beverage
ITA,136,Italy,Inflation,Food Consumer Price Inflation,4.3,4.2,7.2,12.0,19.6,19.7,19.0,17.5,13.0,13.8,15.7,16.1,15.3,11.7,9.2,8.8,5.4,3.6,3.5,6.3,6.0,6.4,5.0,2.0,3.6,6.2,3.9,-0.2,1.0,1.0,1.6,4.1,3.6,3.2,2.2,-0.1,1.7,2.9,5.4,1.8,0.2,2.5,2.5,2.4,0.1,1.1,0.2,1.9,1.2,0.8,1.4,0.6,9.1,,Food and non-acoholic beverage
JAM,343,Jamaica,Inflation,Food Consumer Price Inflation,6.6,6.6,4.8,24.7,29.2,17.7,8.9,9.4,36.8,33.4,33.4,10.3,6.1,11.8,28.6,25.4,17.7,7.4,9.5,19.7,22.3,54.8,77.6,21.1,38.4,20.3,24.1,7.9,7.0,2.3,7.0,3.2,6.6,9.1,14.3,19.4,6.3,11.9,30.7,13.0,10.1,7.7,10.8,12.5,8.6,7.8,4.0,4.5,4.1,6.3,10.8,6.7,12.0,,Food and non-acoholic beverage
JOR,439,Jordan,Inflation,Food Consumer Price Inflation,7.8,6.2,11.1,18.8,34.8,15.6,14.6,14.2,3.6,5.9,10.9,8.1,4.7,2.6,1.9,2.3,1.5,-1.5,5.5,20.8,20.5,11.1,3.0,1.9,5.9,2.3,7.0,6.6,4.0,-0.9,-0.7,0.3,0.2,2.6,4.6,5.1,7.4,9.5,19.8,1.7,4.5,4.2,4.6,4.2,0.3,1.1,-3.5,-0.4,3.2,0.3,2.3,0.1,3.4,,Food and non-acoholic beverage
JPN,158,Japan,Inflation,Food Consumer Price Inflation,6.2,6.0,3.8,13.1,27.7,13.0,9.1,6.7,3.5,2.1,6.0,5.3,1.8,2.1,2.8,1.7,0.2,-0.9,0.7,2.2,4.0,4.8,0.5,1.1,0.9,-1.2,-0.1,1.8,1.5,-0.5,-2.0,-0.6,-0.8,-0.2,1.0,-0.9,0.5,0.3,2.6,0.2,-0.3,-0.4,0.1,-0.1,3.8,3.1,1.7,0.7,1.4,0.2,1.2,-0.1,4.9,,Food and non-acoholic beverage
KAZ,916,Kazakhstan,Inflation,Food Consumer Price Inflation,,,,,,,,,,,,,,,,,,,,,,,2009.7,591.4,1847.5,163.8,34.8,6.4,4.4,7.4,16.0,11.5,6.8,7.0,7.7,8.1,8.7,12.2,23.4,13.9,9.0,7.8,4.3,4.1,6.7,6.6,12.8,8.6,4.7,8.1,10.4,10.8,19.2,,Food and non-acoholic beverage
KEN,664,Kenya,Inflation,Food Consumer Price Inflation,4.8,4.8,4.8,4.8,17.9,21.0,16.7,12.4,12.2,0.6,21.9,11.9,20.4,9.6,10.9,19.2,3.2,3.8,7.6,9.2,8.6,23.5,35.1,45.2,30.7,-2.2,8.2,15.7,3.6,3.9,10.9,2.4,1.4,16.3,19.0,14.6,27.9,10.9,35.1,27.8,18.9,20.5,10.0,7.3,8.7,11.4,10.1,13.4,1.6,8.0,9.1,8.4,12.2,,Food and non-acoholic beverage
KGZ,917,Kyrgyz Republic,Inflation,Food Consumer Price Inflation,,,,,,,,,,,,,,,,,,,,,,,,966.0,161.2,40.0,41.2,24.9,10.5,41.0,18.5,5.7,0.2,2.8,3.2,5.3,8.8,1.8,-0.8,-2.2,2.7,-1.7,0.1,-0.2,0.9,-1.4,-0.1,2.5,-2.2,1.4,11.7,18.0,15.7,,Food and non-acoholic beverage
KHM,522,Cambodia,Inflation,Food Consumer Price Inflation,20.2,94.5,28.4,186.4,218.6,,,,,,,,,,,,,,,,,,,,,-0.9,7.6,6.7,14.0,7.6,-3.4,-2.0,1.8,1.5,6.4,8.4,6.5,10.0,33.0,1.7,2.3,6.1,3.5,3.9,4.9,4.0,5.6,3.4,2.5,2.1,4.6,2.8,4.9,,Food and non-acoholic beverage
KNA,361,St. Kitts and Nevis,Inflation,Food Consumer Price Inflation,18.3,1.3,17.0,17.0,31.0,8.9,12.0,21.2,17.7,11.0,14.2,11.0,3.7,2.2,2.9,-0.3,0.1,0.6,0.0,5.0,2.5,5.7,4.7,2.4,3.5,1.1,3.8,9.3,3.9,1.1,2.4,1.8,1.1,1.8,2.6,3.5,7.9,5.6,8.0,2.7,2.4,9.4,2.5,2.1,0.0,-10.7,-6.1,-0.1,2.4,1.9,1.3,0.2,10.0,,Food and non-acoholic beverage
KOR,542,"Korea, Rep.",Inflation,Food Consumer Price Inflation,18.5,18.5,13.4,2.7,27.5,31.8,17.9,11.6,16.3,14.0,26.6,27.5,2.4,1.5,1.4,3.7,2.2,3.1,10.6,6.2,9.9,11.0,5.3,3.0,10.2,3.0,3.0,4.0,10.1,4.5,0.8,5.1,4.8,4.7,8.1,3.1,0.5,2.5,5.0,7.6,6.4,8.1,4.0,0.9,0.3,1.6,2.3,3.4,2.8,0.0,4.4,5.9,5.9,,Food and non-acoholic beverage
KWT,443,Kuwait,Inflation,Food Consumer Price Inflation,15.3,15.3,15.3,15.3,17.9,13.1,6.5,7.1,3.4,5.0,6.4,2.4,7.0,2.6,-0.2,-0.2,0.3,-1.9,0.3,3.9,12.3,10.2,-2.5,-4.5,1.7,2.1,5.8,0.7,0.2,4.6,0.8,0.6,0.7,5.4,3.2,8.5,3.9,4.7,11.7,3.2,8.4,7.5,4.8,4.0,2.9,3.4,1.7,0.2,0.1,1.1,4.9,9.5,6.9,,Food and non-acoholic beverage
LAO,544,Lao PDR,Inflation,Food Consumer Price Inflation,-6.9,0.6,35.0,40.4,52.1,87.9,,,,,,,,,,,,,,64.0,30.4,10.8,11.7,-3.8,2.8,22.4,13.4,25.3,92.9,118.9,,6.6,9.7,15.2,10.4,7.7,,8.1,10.9,1.9,7.7,10.3,5.6,12.6,6.9,4.6,4.3,-0.1,1.2,4.7,9.1,3.0,18.8,,Food and non-acoholic beverage
LBN,446,Lebanon,Inflation,Food Consumer Price Inflation,-0.4,2.6,8.7,9.7,16.6,4.0,,,,,,,,,,,,478.4,134.1,45.7,57.1,42.8,80.4,17.0,7.5,7.9,8.5,-0.6,,,,,,,,,,,12.3,3.7,3.1,6.4,5.9,2.6,3.6,-1.1,-1.2,3.7,5.2,4.1,254.0,310.7,276.1,,Food and non-acoholic beverage
LBR,668,Liberia,Inflation,Food Consumer Price Inflation,1.2,-9.2,0.0,30.2,26.4,15.4,-0.6,9.9,11.3,11.6,9.3,4.1,4.3,2.7,1.7,-3.7,-1.3,0.2,19.2,9.6,13.8,,,,,,,,,,,,,,,,16.6,18.7,25.0,2.6,7.2,11.4,10.3,10.3,9.1,10.1,7.9,6.5,20.9,28.9,,,,,Food and non-acoholic beverage
LBY,672,Libya,Inflation,Food Consumer Price Inflation,,,-8.7,-8.7,7.0,7.2,12.7,12.2,11.7,27.9,,,,13.3,10.9,,,,,,,,,,,,,,,,,,,,,,,,,,,,,,,,29.8,35.1,,,,,,,Food and non-acoholic beverage
LCA,362,St. Lucia,Inflation,Food Consumer Price Inflation,9.5,11.8,8.8,18.5,40.5,17.1,10.0,8.1,10.7,9.4,17.4,2.8,19.2,0.4,0.1,-1.4,3.3,11.3,-1.1,4.1,4.7,8.9,5.0,-0.6,4.9,7.6,-0.4,-2.6,4.2,2.9,1.2,3.2,-1.2,2.1,0.8,7.1,3.3,6.4,7.9,3.1,-0.2,2.7,6.5,5.1,2.1,0.2,-3.2,-1.5,3.7,2.2,-2.2,-0.1,5.1,,Food and non-acoholic beverage
LKA,524,Sri Lanka,Inflation,Food Consumer Price Inflation,6.8,1.8,6.0,12.7,14.1,7.7,-1.1,0.6,16.8,10.9,29.0,17.6,12.7,12.4,18.1,0.1,7.2,8.7,15.1,10.3,23.3,11.9,11.9,11.2,8.9,6.9,19.2,10.9,10.9,4.0,4.5,15.2,10.6,5.8,7.8,12.1,13.2,18.2,30.5,2.8,6.8,,,,13.8,5.2,3.1,11.3,-0.2,0.7,12.2,11.2,60.2,,Food and non-acoholic beverage
LSO,666,Lesotho,Inflation,Food Consumer Price Inflation,15.2,15.2,15.2,15.2,15.2,18.1,10.8,25.3,15.4,9.2,23.9,13.0,13.6,18.3,10.5,12.9,17.8,12.7,9.8,11.2,11.4,18.3,23.6,10.4,6.2,12.7,9.6,9.3,9.0,7.5,4.6,6.5,26.6,5.6,4.0,2.6,9.0,14.1,15.7,8.5,3.5,7.0,9.9,5.4,5.3,6.1,11.8,6.4,4.4,6.8,10.3,9.6,8.6,,Food and non-acoholic beverage
LTU,946,Lithuania,Inflation,Food Consumer Price Inflation,,,,,,,,,,,,1.7,4.6,0.8,-0.1,2.3,7.7,5.9,-0.8,0.1,0.1,217.6,1086.5,421.4,59.6,40.2,27.7,6.1,-0.1,-4.0,-2.4,3.5,-0.7,-3.7,2.2,3.9,6.1,11.3,15.9,1.6,-0.5,8.3,3.0,1.7,0.8,-0.9,1.2,3.6,1.4,2.9,2.3,2.8,26.3,,Food and non-acoholic beverage
LUX,137,Luxembourg,Inflation,Food Consumer Price Inflation,5.1,3.5,6.7,7.1,9.0,11.3,12.1,4.0,1.5,2.6,3.6,8.4,10.6,7.9,7.3,3.6,2.9,-1.3,1.1,3.3,3.2,3.1,0.7,-0.3,1.8,2.4,0.8,1.1,2.7,1.2,2.0,4.8,3.9,1.9,1.8,1.6,2.4,3.4,5.4,1.4,0.9,2.6,2.6,3.6,0.6,0.8,1.5,2.8,2.2,1.4,2.7,0.9,7.0,,Food and non-acoholic beverage
LVA,941,Latvia,Inflation,Food Consumer Price Inflation,,,,,,,,,,,,,,,,,,,,,,178.8,774.0,90.5,33.3,16.1,12.4,2.5,1.3,-1.1,0.6,4.9,3.4,2.6,7.4,9.2,8.2,13.5,18.3,-0.1,-0.3,8.4,2.3,1.3,-0.3,-1.3,1.1,5.6,0.6,2.9,2.4,2.2,21.6,,Food and non-acoholic beverage
MAR,686,Morocco,Inflation,Food Consumer Price Inflation,,,,,,,,,,,,,,,,,,,,,,,,,,,,,,,,,,,,,,,,-0.4,1.2,1.4,2.4,2.2,-1.2,2.6,2.8,0.0,0.9,-1.4,0.9,0.6,10.4,,Food and non-acoholic beverage
MDA,921,Moldova,Inflation,Food Consumer Price Inflation,,,,,,,,,,,,,,,,,,,,,,,1337.0,1318.4,453.0,29.6,19.5,7.0,4.0,32.7,36.4,10.7,4.3,13.6,12.7,10.6,9.1,10.9,15.4,-5.6,6.3,8.9,8.9,-0.2,-0.2,0.7,-0.9,0.5,5.5,7.6,7.4,7.1,29.9,,Food 
MDG,674,Madagascar,Inflation,Food Consumer Price Inflation,5.5,7.1,6.7,6.7,15.6,13.7,8.9,9.4,7.3,11.1,15.2,26.7,39.3,28.9,7.5,4.6,12.6,21.1,21.7,10.5,13.8,7.9,10.9,14.2,29.2,44.1,24.7,10.2,16.9,8.7,11.3,1.9,15.0,-3.7,19.3,26.4,6.2,11.8,10.4,8.3,6.4,13.5,5.2,5.0,5.4,6.5,6.4,9.3,10.9,4.8,3.8,7.4,9.6,,Food and non-acoholic beverage
MDV,556,Maldives,Inflation,Food Consumer Price Inflation,,,,,,,,,,,,,,,,,,,1.9,2.7,6.6,12.7,14.5,17.9,3.9,12.0,9.3,19.5,-4.7,4.2,-4.8,2.1,3.6,-6.1,16.0,2.1,4.0,16.2,19.1,0.5,7.5,19.9,17.6,7.2,0.7,0.5,0.6,6.1,-1.1,-0.8,2.7,1.8,-0.8,,Food and non-acoholic beverage
MEX,273,Mexico,Inflation,Food Consumer Price Inflation,5.4,4.4,4.1,15.6,30.9,12.4,12.2,28.9,16.5,18.6,25.2,25.8,53.4,89.4,75.5,59.8,84.8,130.9,110.4,21.6,25.9,19.3,10.7,5.5,4.7,39.6,42.3,19.1,16.0,15.7,5.4,5.1,3.8,5.5,7.2,5.4,3.7,6.6,8.1,8.8,3.3,4.4,8.1,5.2,4.7,4.0,4.5,7.0,4.8,4.4,6.6,7.2,13.3,,Food and non-acoholic beverage
MKD,962,"Macedonia, FYR",Inflation,Food Consumer Price Inflation,,,,,,,,,,,,,46.6,46.7,40.0,70.4,94.2,105.8,195.2,1264.9,541.6,104.5,1590.6,346.4,123.0,8.6,-0.1,4.2,-0.2,-1.6,-0.4,6.9,1.8,-1.8,-2.9,-1.2,2.1,3.7,14.9,-1.2,0.1,6.2,2.3,3.4,-1.0,0.1,-1.3,0.3,0.8,1.6,2.4,3.1,19.0,,Food and non-acoholic beverage
MLI,678,Mali,Inflation,Food Consumer Price Inflation,1.4,20.7,7.7,29.2,2.1,5.9,8.1,25.0,33.2,-4.1,22.1,12.2,2.3,9.8,12.6,7.7,-4.2,-14.1,8.6,6.3,3.9,3.9,-9.9,-0.9,26.6,14.7,9.0,-1.6,-3.7,-3.7,-4.5,8.0,7.2,-4.1,-7.0,11.3,-0.4,1.8,13.0,3.1,5.1,5.1,8.0,-3.3,-0.2,3.0,-3.3,2.5,2.2,-5.4,2.5,5.2,14.2,,Food and non-acoholic beverage
MLT,181,Malta,Inflation,Food Consumer Price Inflation,3.0,0.7,4.3,13.9,7.5,7.3,-1.0,19.0,7.6,5.1,21.1,13.0,7.5,-2.0,-1.1,-1.1,2.4,0.7,0.1,-0.6,4.2,1.5,0.2,5.2,3.6,3.3,3.7,1.4,2.0,0.8,1.6,6.0,1.3,1.7,0.2,1.8,2.0,4.4,8.0,6.4,1.0,3.8,4.7,4.8,0.5,3.0,2.2,3.5,2.9,3.6,2.1,2.4,9.6,,Food 
MMR,518,Myanmar,Inflation,Food Consumer Price Inflation,-7.3,2.4,12.1,30.7,24.9,35.7,17.8,-3.0,-7.4,8.6,1.7,-4.3,3.4,9.3,1.8,9.5,6.3,26.7,20.7,28.4,19.2,37.5,22.5,38.9,20.2,25.9,18.9,30.3,24.8,22.0,-2.5,19.5,68.3,36.3,1.1,9.3,20.6,35.1,29.2,12.3,7.2,3.9,4.8,6.9,5.4,13.1,9.2,4.4,6.6,9.0,3.0,5.6,14.9,,Food and non-acoholic beverage
MNE,943,Montenegro,Inflation,Food Consumer Price Inflation,,,,,,,,,,,,,,,,,,,,,,,,,,,,,,,,,,,,,,,,,0.8,4.1,4.2,3.9,-1.4,2.9,-0.8,1.7,0.4,3.1,1.6,3.5,21.0,,Food and non-acoholic beverage
MNG,948,Mongolia,Inflation,Food Consumer Price Inflation,,,,,,,,,,,,,,,,,,,,,,,,,,,,,,,,,,,,,3.3,13.1,43.7,1.6,12.2,7.7,21.7,8.5,11.0,1.9,-2.9,4.2,6.9,10.7,6.6,13.8,18.4,,Food and non-acoholic beverage
MOZ,688,Mozambique,Inflation,Food Consumer Price Inflation,5.6,13.6,14.0,-1.8,22.0,11.7,8.3,,,,,1.0,21.8,26.0,25.2,49.5,12.4,,,,,,,,,50.8,45.0,5.9,-2.6,-6.3,7.5,10.6,19.6,12.5,10.8,5.4,17.0,10.3,18.9,7.0,15.3,13.2,3.1,5.4,3.8,5.2,27.2,16.4,0.0,3.3,7.6,10.9,12.1,,Food and non-acoholic beverage
MRT,682,Mauritania,Inflation,Food Consumer Price Inflation,6.5,9.6,8.8,11.0,16.1,,19.5,7.4,9.3,11.0,12.2,,,8.0,9.6,,,,,,,2.7,7.5,9.6,3.5,8.0,7.5,4.2,8.8,3.6,3.9,6.5,4.4,6.0,6.0,13.7,5.4,10.5,9.6,2.6,7.6,6.4,4.3,4.4,5.1,5.6,2.3,3.1,4.2,2.7,2.2,5.8,14.3,,Food and non-acoholic beverage
MUS,684,Mauritius,Inflation,Food Consumer Price Inflation,1.4,0.1,6.2,15.6,32.5,16.0,16.0,8.6,6.6,14.3,51.2,14.5,9.5,7.2,9.0,7.2,2.2,2.5,11.7,13.9,10.8,4.2,0.4,13.8,9.3,6.0,5.3,5.3,8.0,6.4,1.3,4.0,2.8,2.8,6.0,5.8,10.0,15.6,15.8,4.1,3.7,5.9,2.2,3.4,4.6,3.2,1.1,3.7,5.8,0.7,6.2,4.3,14.0,,Food and non-acoholic beverage
MWI,676,Malawi,Inflation,Food Consumer Price Inflation,16.1,11.2,4.2,6.8,16.5,19.1,2.3,1.7,6.3,13.9,24.7,9.8,4.4,15.4,15.7,9.1,15.7,26.8,32.0,15.8,12.8,13.1,28.4,26.4,38.3,92.9,45.3,8.2,27.7,43.0,19.7,17.6,16.2,5.3,7.5,17.3,15.6,7.4,7.0,7.3,5.0,3.1,19.5,25.7,21.2,23.9,24.8,13.6,12.7,15.3,17.3,,22.8,,Food and non-acoholic beverage
MYS,548,Malaysia,Inflation,Food Consumer Price Inflation,2.1,1.5,3.2,15.9,26.1,3.8,2.0,5.5,5.0,2.6,4.6,11.5,7.6,0.8,3.5,-2.4,0.2,-0.5,3.7,3.7,4.3,4.9,6.4,2.4,5.3,4.9,5.7,4.1,8.9,4.6,1.9,0.7,0.7,1.3,2.1,3.7,3.4,3.0,8.8,4.1,2.4,4.8,2.7,3.6,3.3,3.6,3.8,4.0,1.6,1.6,1.3,1.8,5.4,,Food and non-acoholic beverage
NAM,728,Namibia,Inflation,Food Consumer Price Inflation,,,,,,,,,,,,,,,9.7,5.9,13.9,17.1,14.6,17.5,17.3,5.9,19.7,6.5,13.2,11.6,6.7,7.7,2.7,5.6,6.9,11.5,19.5,9.1,1.0,1.3,6.5,11.9,16.8,10.5,3.2,4.9,9.0,6.5,8.3,5.6,10.8,5.6,3.2,4.3,5.2,5.7,7.0,,Food and non-acoholic beverage
NCL,687,New Caledonia,Inflation,Food Consumer Price Inflation,4.3,4.6,3.8,4.3,9.7,13.8,15.4,12.0,12.3,16.2,10.9,10.1,12.0,4.4,7.1,12.4,3.9,-4.1,-10.2,1.6,6.6,9.5,-0.2,1.1,44.1,9.1,12.2,5.6,5.6,-5.3,3.1,7.1,4.5,-4.7,-1.5,14.9,-1.8,-0.5,20.4,11.2,0.3,3.4,3.2,4.4,-1.3,0.5,-1.2,0.8,-0.6,-4.6,-0.2,7.5,4.0,,Food and non-acoholic beverage
NER,692,Niger,Inflation,Food Consumer Price Inflation,4.3,4.6,3.8,4.3,9.7,13.8,15.4,12.0,12.3,16.2,10.9,10.1,12.0,4.4,7.1,12.4,3.9,-4.1,-10.2,1.6,6.6,9.5,-0.2,1.1,44.1,9.1,12.2,5.6,5.6,-5.3,3.1,7.1,4.5,-4.7,-1.5,14.9,-1.8,-0.5,20.4,11.2,0.3,3.4,3.2,4.4,-1.3,0.5,-1.2,0.8,-0.6,-4.6,-0.2,7.5,8.4,,Food and non-acoholic beverage
NGA,694,Nigeria,Inflation,Food Consumer Price Inflation,23.6,26.2,1.5,-2.3,19.9,42.9,22.7,18.6,17.5,8.4,7.1,26.1,8.9,23.2,42.9,3.9,0.1,17.8,54.1,52.6,3.7,11.9,46.5,57.9,46.8,72.1,30.1,11.5,3.6,1.1,2.8,28.6,13.9,6.4,14.5,22.8,5.6,2.1,15.9,14.7,14.9,10.2,11.2,9.5,9.4,9.9,14.8,19.4,14.3,13.7,16.1,20.3,19.5,,Food and non-acoholic beverage
NIC,278,Nicaragua,Inflation,Food Consumer Price Inflation,,,,,13.1,7.7,1.1,14.8,3.6,63.3,49.1,29.0,29.1,41.4,41.6,246.8,887.0,990.7,,3947.9,7296.6,2751.2,22.9,11.5,7.8,12.0,11.4,9.1,14.3,5.4,5.0,8.6,3.2,4.3,10.7,11.5,9.1,17.2,29.4,2.4,4.5,9.1,8.6,9.4,7.9,4.7,1.5,0.6,4.2,4.6,5.1,6.4,14.7,,Food and non-acoholic beverage
NLD,138,Netherlands,Inflation,Food Consumer Price Inflation,8.0,4.7,6.6,7.9,7.1,8.1,9.7,5.6,0.4,2.2,4.4,5.7,5.7,0.2,3.2,0.3,-1.2,-2.0,0.2,1.1,2.2,3.4,1.8,-0.3,1.9,0.4,-0.1,1.6,2.3,1.3,0.1,7.0,3.3,1.1,-3.5,-1.3,1.6,1.0,5.6,1.1,-0.1,2.2,2.0,2.4,-0.1,0.6,0.9,2.7,0.8,4.0,1.9,-0.2,10.7,,Food and non-acoholic beverage
NOR,142,Norway,Inflation,Food Consumer Price Inflation,13.1,6.0,7.0,7.0,8.2,15.3,10.1,8.5,5.8,4.1,8.7,16.7,13.9,7.9,6.9,6.4,9.2,7.6,6.4,2.8,3.4,1.8,1.6,-1.0,1.4,1.6,1.6,3.4,4.8,2.9,1.9,-1.9,-1.7,3.4,1.8,1.6,1.4,2.7,4.2,4.2,0.2,-0.1,1.2,1.1,3.1,2.9,2.6,0.0,2.5,1.1,3.3,-2.0,6.5,,Food and non-acoholic beverage
NPL,558,Nepal,Inflation,Food Consumer Price Inflation,-4.0,-4.0,9.9,11.7,18.1,4.9,-7.8,12.3,8.4,1.6,17.0,10.7,12.9,13.6,0.3,6.8,22.7,12.4,8.1,10.4,7.1,19.6,16.1,6.0,8.2,7.7,10.3,5.2,15.4,7.7,-2.7,1.3,3.0,5.4,2.5,6.6,7.3,8.1,13.8,17.2,,,,,,,,2.6,2.8,5.6,7.2,4.1,6.5,,Food and non-acoholic beverage
NZL,196,New Zealand,Inflation,Food Consumer Price Inflation,9.1,9.1,4.8,11.2,11.5,10.6,18.6,17.0,10.7,17.3,20.5,16.8,12.4,4.0,5.2,14.4,10.2,11.9,5.8,9.1,7.4,0.3,-0.1,1.2,-0.7,1.1,1.3,2.2,3.5,0.9,1.1,6.7,2.9,-0.4,0.4,1.2,3.0,4.0,8.4,6.0,1.0,5.2,-0.7,0.4,0.3,-0.1,-0.6,2.2,-0.2,1.1,3.2,1.8,8.7,,Food and non-acoholic beverage
OMN,449,Oman,Inflation,Food Consumer Price Inflation,,,,,,,,,,,,,,,,,8.3,0.7,1.6,1.4,-0.4,3.1,-0.7,-1.6,-1.0,1.7,2.7,0.5,-0.3,-0.2,-1.3,-0.6,0.1,1.1,1.3,4.5,6.3,11.0,22.7,0.0,1.8,4.6,2.2,2.8,1.7,-0.8,-1.2,0.6,-0.7,1.2,1.2,0.8,5.1,,Food and non-acoholic beverage
PAK,564,Pakistan,Inflation,Food Consumer Price Inflation,7.4,5.2,12.0,30.0,26.9,21.6,5.9,12.0,5.7,5.8,6.9,12.6,1.1,5.8,6.6,4.8,2.6,6.0,11.7,8.7,8.6,10.6,10.8,10.5,14.2,14.4,9.3,12.0,5.7,3.9,3.2,1.8,2.5,2.5,10.7,9.9,8.5,10.8,27.6,13.3,17.0,14.6,8.5,8.2,5.8,0.6,2.5,3.3,2.2,11.6,15.4,10.5,21.6,,Food and non-acoholic beverage
PAN,283,Panama,Inflation,Food Consumer Price Inflation,3.0,2.5,4.5,9.8,22.8,6.8,1.4,3.0,6.2,10.2,12.6,9.0,6.0,2.3,1.5,0.3,0.4,2.6,1.1,-0.4,1.3,2.4,3.5,0.3,1.5,0.5,0.7,0.7,0.4,-0.1,0.7,-0.4,-0.6,1.2,1.3,4.2,1.3,6.7,14.9,5.8,2.9,5.9,8.1,5.8,3.0,-1.7,1.5,-0.5,-0.6,0.5,-0.8,1.6,3.7,,Food and non-acoholic beverage
PER,293,Peru,Inflation,Food Consumer Price Inflation,5.8,7.2,7.7,9.8,18.7,32.9,32.0,40.6,59.4,74.2,58.8,76.4,52.9,125.7,106.3,149.9,85.1,65.6,545.2,2765.0,7002.2,346.8,71.4,49.3,18.2,9.4,12.2,7.1,8.3,-0.3,0.8,0.5,-0.3,0.8,5.6,0.9,2.4,2.5,9.2,4.2,3.7,3.8,4.2,3.2,3.8,4.6,4.1,0.3,-0.4,1.7,1.9,4.7,,,Food and non-acoholic beverage
PHL,566,Philippines,Inflation,Food Consumer Price Inflation,33.4,33.4,18.0,15.9,32.7,5.4,10.3,9.7,6.2,14.9,14.9,17.9,6.8,4.6,50.8,23.4,-1.6,3.8,10.0,13.2,11.6,15.5,7.0,5.7,7.9,7.9,10.5,2.9,8.2,4.5,3.1,3.6,2.0,1.0,6.0,6.3,5.2,3.7,12.9,6.3,4.0,5.5,2.6,2.5,5.8,1.9,1.6,3.1,6.9,2.1,2.7,4.6,5.0,,Food and non-acoholic beverage
PNG,853,Papua New Guinea,Inflation,Food Consumer Price Inflation,1.4,4.1,6.8,9.9,32.8,7.2,5.4,3.6,4.4,5.2,14.3,8.7,4.9,5.0,7.2,3.9,2.5,2.4,3.9,3.9,9.6,7.8,3.3,2.4,1.9,18.0,13.8,6.4,13.4,17.0,13.6,9.6,17.1,13.3,0.5,3.5,5.3,0.6,16.6,7.2,5.4,-0.5,-1.1,-1.7,4.9,4.9,5.1,2.8,0.8,3.0,2.2,4.4,6.9,,Food and non-acoholic beverage
POL,964,Poland,Inflation,Food Consumer Price Inflation,2.2,1.9,-0.1,1.0,10.0,0.9,3.4,5.1,10.3,8.1,10.7,30.1,126.3,20.3,13.4,11.8,15.0,23.2,54.5,300.8,533.3,51.0,36.8,32.5,32.6,27.2,17.7,12.4,7.0,1.7,9.7,4.6,-0.7,-1.2,6.2,2.2,0.6,4.5,5.7,4.6,2.8,5.1,4.1,1.9,-0.9,-1.6,0.9,4.3,2.6,4.8,4.7,3.2,15.4,,Food and non-acoholic beverage
PRT,182,Portugal,Inflation,Food Consumer Price Inflation,4.9,8.7,10.2,8.3,33.2,23.3,21.6,35.8,18.7,26.9,15.8,19.5,24.8,26.4,32.1,17.6,8.5,8.6,7.6,10.5,14.0,7.8,6.0,0.9,3.7,2.7,2.0,0.2,3.7,2.2,2.1,6.5,1.5,2.3,1.1,-0.6,2.7,2.4,3.7,-3.4,-0.2,2.1,3.2,1.9,-1.3,1.0,0.5,1.5,0.7,0.3,2.1,0.7,13.0,,Food and non-acoholic beverage
PRY,288,Paraguay,Inflation,Food Consumer Price Inflation,-1.9,8.5,11.0,21.8,24.7,4.6,4.2,11.2,12.9,29.6,18.9,10.4,3.5,17.1,28.9,27.5,43.6,23.8,23.8,20.4,46.4,19.9,14.9,17.2,21.1,14.3,5.2,3.8,11.7,3.1,8.7,4.1,10.9,22.8,7.7,5.7,15.7,17.4,15.8,0.6,8.5,13.3,-1.9,3.2,6.4,2.9,5.9,5.7,3.9,1.2,1.2,9.2,14.6,,Food and non-acoholic beverage
QAT,453,Qatar,Inflation,Food Consumer Price Inflation,,,,,,,,,,,,,6.0,4.0,3.8,1.2,0.8,1.4,1.9,4.2,1.5,6.1,-0.1,-7.2,-5.1,11.1,4.4,-0.6,4.1,-0.1,0.4,-0.2,1.3,-0.4,3.6,3.2,6.9,7.4,19.9,11.0,2.1,3.5,3.1,2.3,0.2,0.8,-1.9,1.9,0.0,0.0,0.3,2.7,4.2,,Food and non-acoholic beverage
ROU,968,Romania,Inflation,Food Consumer Price Inflation,1.1,1.5,0.6,1.2,1.7,0.4,0.6,0.9,0.9,0.8,4.0,1.6,33.5,9.8,-11.3,1.2,1.3,1.7,2.1,1.6,4.5,198.8,236.9,248.9,136.2,31.7,36.4,151.3,48.5,27.9,43.8,35.9,18.5,14.8,9.6,6.2,3.9,3.9,9.2,3.3,2.3,6.0,1.9,3.0,-1.6,-3.8,-2.6,2.5,3.8,4.7,4.8,2.8,13.9,,Food Goods
RUS,922,Russian Federation,Inflation,Food Consumer Price Inflation,,,,,,,,,,,,,,,,,,,,,,,1589.6,892.0,301.8,213.3,36.1,12.7,27.3,96.6,17.5,21.7,12.2,11.2,10.3,13.4,9.2,8.8,21.1,11.6,6.6,10.9,3.3,6.2,10.0,21.0,5.8,2.7,1.6,5.1,3.9,9.6,15.0,,Food Goods including Alcoholic Beverages 
RWA,714,Rwanda,Inflation,Food Consumer Price Inflation,7.0,7.0,5.6,4.4,32.2,31.4,-3.4,3.0,16.2,12.7,0.4,-3.8,-1.7,49.6,8.7,0.9,-9.3,7.8,8.4,2.9,5.1,13.6,7.0,14.5,14.5,14.5,4.2,23.9,8.9,-14.7,0.9,6.0,-1.2,13.8,18.9,10.1,9.9,7.8,16.3,16.3,1.7,6.5,12.4,5.1,1.2,3.9,10.8,9.4,2.9,3.7,15.4,-4.2,24.4,,Food and non-acoholic beverage
SAU,456,Saudi Arabia,Inflation,Food Consumer Price Inflation,2.9,2.9,1.7,15.9,17.8,18.6,23.1,21.1,-2.4,3.0,6.3,5.7,1.4,0.1,0.7,-3.3,-0.8,-1.0,0.6,2.3,1.8,7.5,3.6,1.7,-1.7,0.3,2.8,2.1,0.2,-3.4,-1.7,0.6,-0.6,2.6,2.8,3.0,5.3,7.0,14.1,2.0,6.3,5.2,4.4,5.8,1.4,0.6,-1.3,-0.8,6.5,2.1,9.0,5.4,3.7,,Food and Beverages
SDN,732,Sudan,Inflation,Food Consumer Price Inflation,-0.8,-0.8,10.4,16.4,25.5,28.2,-1.8,18.8,26.4,31.8,28.8,25.2,25.3,35.4,28.8,48.0,-10.9,79.6,62.0,68.7,67.8,130.8,97.4,,,,,,,,,,,,,,,,,,,,,,,11.7,13.7,34.9,2.5,62.7,67.7,251.1,100.7,,Food and non-acoholic beverage
SEN,722,Senegal,Inflation,Food Consumer Price Inflation,4.7,7.7,6.6,7.3,18.4,22.4,7.4,6.2,12.4,12.0,11.9,12.4,10.8,12.6,9.2,7.2,7.4,2.1,-2.2,0.5,6.3,4.2,2.3,1.4,43.5,3.9,2.8,3.9,4.3,1.8,1.3,4.9,4.8,-0.6,0.8,3.9,1.4,7.3,13.0,-3.2,4.0,6.7,2.5,1.3,-1.9,1.8,3.3,3.7,1.1,1.0,3.3,2.8,14.1,,Food and non-acoholic beverage
SGP,576,Singapore,Inflation,Food Consumer Price Inflation,2.1,2.3,2.4,33.1,25.7,1.1,-6.1,4.9,4.8,2.8,7.7,9.6,5.0,0.4,1.5,-1.2,-1.5,-0.2,1.4,1.1,0.8,1.6,1.2,1.0,3.5,2.3,2.1,2.0,0.2,0.9,0.5,0.5,0.0,0.6,2.0,1.3,1.5,3.0,7.7,2.3,1.4,3.0,2.3,2.1,2.9,1.9,2.1,1.4,1.4,1.5,1.9,1.6,4.9,,Food
SLE,724,Sierra Leone,Inflation,Food Consumer Price Inflation,12.8,-3.9,8.7,8.9,18.7,23.2,17.3,7.3,8.2,16.1,14.2,24.3,30.2,65.6,52.7,79.9,77.5,177.5,34.0,66.1,113.5,85.5,42.0,-34.4,34.4,33.3,22.4,6.8,31.8,34.2,-0.3,5.2,-0.8,7.5,7.5,7.3,7.3,11.0,8.5,8.3,8.6,7.8,6.7,5.7,4.7,8.4,12.6,19.4,17.7,8.8,8.5,17.0,27.3,,Food and non-acoholic beverage
SLV,253,El Salvador,Inflation,Food Consumer Price Inflation,4.9,0.2,1.1,7.5,17.3,20.5,7.0,8.7,10.7,14.7,19.7,17.7,10.7,13.4,14.1,18.9,31.8,25.4,29.4,26.9,25.9,17.9,12.8,5.6,5.6,2.8,14.4,4.2,1.6,-1.5,0.3,4.6,1.9,1.9,6.3,6.2,3.1,6.3,12.1,-4.3,1.0,6.9,0.3,2.4,3.2,1.4,-0.6,0.2,0.5,1.2,1.6,2.3,11.6,,Food and non-acoholic beverage
SRB,942,Serbia,Inflation,Food Consumer Price Inflation,,,,,,,,,,,,,,,,,,,,,,,,,,,,,,,,,,,,,,,23.1,5.5,2.6,14.7,6.9,7.5,-0.9,2.0,-0.3,3.3,1.9,2.6,2.5,4.5,16.6,,Food and non-acoholic beverage
STP,716,São Tomé and Principe,Inflation,Food Consumer Price Inflation,,,,,,,,,,,,,,,,,,,,,,,,,,,,,51.6,,,3.7,10.1,9.3,14.9,16.7,26.5,21.7,37.9,21.2,16.4,15.8,12.2,9.5,7.3,4.1,5.6,6.6,8.7,9.8,,,,,Food and non-acoholic beverage
SUR,366,Suriname,Inflation,Food Consumer Price Inflation,,-2.0,2.7,22.1,15.9,6.5,9.1,6.5,4.1,12.0,11.3,8.2,3.3,4.5,1.4,9.8,25.6,79.4,4.6,1.6,29.9,18.7,54.9,163.9,387.4,231.7,-7.3,-0.8,14.4,90.5,65.7,24.3,18.1,,,10.4,4.8,8.4,24.6,,10.3,16.6,,,,,56.0,33.0,9.0,5.2,43.4,61.3,46.2,,Food and non-acoholic beverage
SVK,936,Slovak Republic,Inflation,Food Consumer Price Inflation,,,,,,,,,,,,,,,,,0.4,0.2,-0.2,0.1,11.0,51.9,7.5,20.6,17.2,12.5,4.1,5.7,5.8,2.7,5.2,5.9,1.4,3.4,4.8,-1.4,1.4,4.0,7.7,-3.2,1.6,6.1,4.2,3.5,-0.8,-0.3,-2.8,4.0,3.9,4.0,2.5,1.8,18.6,,Food and non-acoholic beverage
SVN,961,Slovenia,Inflation,Food Consumer Price Inflation,,,,,,,,,,,,49.4,36.0,44.7,53.1,73.3,100.0,123.1,210.3,1288.9,516.0,112.3,205.8,25.7,23.1,15.6,9.0,8.6,8.2,3.7,6.1,9.1,7.5,4.5,0.5,-1.0,2.3,8.0,10.0,0.5,0.7,4.4,4.1,3.6,-0.3,0.8,0.9,2.2,2.7,1.6,3.5,-0.2,12.2,,Food and non-acoholic beverage
SWE,144,Sweden,Inflation,Food Consumer Price Inflation,8.5,9.2,9.1,5.8,6.2,11.8,12.9,14.6,9.5,5.4,11.6,15.0,12.4,11.7,11.7,7.4,7.2,3.1,5.5,5.7,7.2,4.5,-5.1,0.7,1.7,1.4,-7.0,0.4,1.1,1.5,0.0,2.9,3.2,0.3,-0.4,-0.7,0.8,2.0,6.9,2.9,1.4,1.3,1.5,2.2,0.4,2.3,1.1,2.1,2.4,34.4,2.1,0.4,11.3,,Food and non-acoholic beverage
SWZ,734,Swaziland,Inflation,Food Consumer Price Inflation,2.1,2.3,1.5,15.6,19.9,11.8,5.6,18.7,8.3,13.5,24.7,24.5,9.2,12.0,14.4,12.8,11.8,15.4,12.9,12.9,16.5,13.3,11.7,13.4,19.6,20.4,12.0,12.0,4.1,4.9,6.7,6.5,21.9,12.2,6.9,8.7,14.7,17.6,18.9,10.2,0.4,6.0,13.1,5.7,6.3,4.2,15.1,7.1,2.0,2.1,,,,,Food and non-acoholic beverage
SYC,718,Seychelles,Inflation,Food Consumer Price Inflation,18.4,18.4,28.6,23.6,22.1,22.1,16.7,13.8,9.8,4.4,14.7,5.7,1.0,6.1,4.3,0.9,0.4,3.2,1.7,1.8,4.8,2.5,1.8,2.8,-7.1,-0.4,-2.9,2.2,2.5,-1.0,1.5,4.9,0.7,9.3,0.8,1.2,6.8,12.5,39.0,40.8,-3.8,4.2,6.0,6.8,0.5,0.5,0.0,0.3,-0.1,0.0,10.3,,,,Food and non-acoholic beverage
SYR,463,Syrian Arab Republic,Inflation,Food Consumer Price Inflation,4.0,3.8,0.0,22.1,15.1,18.5,11.3,13.0,5.1,5.7,19.2,19.4,14.6,4.2,6.6,18.9,41.8,63.7,31.6,12.0,19.0,6.0,6.6,12.4,14.2,6.9,9.0,2.4,-2.3,-4.0,-2.0,0.2,-0.6,,5.2,8.6,12.7,9.1,20.7,0.3,4.7,,,,,,,,,,,,,,Food and non-acoholic beverage
TCD,628,Chad,Inflation,Food Consumer Price Inflation,,,,,,,,,,,,,,,,,,,,,,,,,40.7,5.9,13.8,7.4,4.3,-11.9,7.8,18.7,6.2,-2.6,-5.4,11.4,-2.0,-11.1,16.3,9.3,-3.8,1.7,12.3,-1.6,2.5,2.5,-2.7,-3.7,-1.9,-5.4,9.4,-1.6,12.1,,Food and non-acoholic beverage
TGO,742,Togo,Inflation,Food Consumer Price Inflation,3.9,10.4,7.8,2.1,12.3,23.9,17.6,26.8,-8.6,6.9,12.9,25.8,13.5,11.3,-10.3,-8.2,4.1,-0.9,14.7,-17.7,1.9,-4.2,3.1,-0.4,31.7,27.8,5.8,14.2,-3.0,-5.0,-3.4,5.2,3.9,-5.7,-1.2,1.8,2.5,3.9,5.7,9.5,-0.3,1.1,3.4,0.6,-4.4,5.9,3.1,-4.2,0.3,-0.5,3.4,9.8,13.1,,Food and non-acoholic beverage
THA,578,Thailand,Inflation,Food Consumer Price Inflation,0.2,0.6,6.4,14.4,28.5,4.0,5.5,9.4,8.7,9.2,19.5,10.8,2.8,4.9,-1.2,-2.4,0.6,2.2,5.1,8.3,7.8,7.1,4.5,2.2,6.9,8.1,8.9,7.0,9.3,-0.8,-1.1,0.6,0.4,3.7,4.5,4.9,4.6,4.0,11.6,4.4,5.4,8.0,4.8,3.4,3.9,1.1,1.6,0.0,0.4,2.3,1.2,-0.1,6.6,,Food and non-acoholic beverage
TJK,923,Tajikistan,Inflation,Food Consumer Price Inflation,,,,,,,,,,,,,,,,,,,,,,,,,,,,,,,,,,,,,,,,,,,,,,,5.1,9.2,2.7,,,,,,Food and non-acoholic beverage
TON,866,Tonga,Inflation,Food Consumer Price Inflation,-2.5,0.9,9.5,30.9,16.9,7.4,3.3,18.0,13.0,2.5,21.8,20.9,14.9,9.7,-6.4,18.9,25.5,3.5,10.0,-1.3,7.6,6.3,12.3,-3.9,-0.8,3.1,7.3,3.1,6.2,5.4,0.3,11.8,16.8,9.6,9.1,6.0,2.9,7.3,7.7,7.8,3.0,6.6,1.5,1.9,3.7,1.9,1.3,8.6,9.1,1.7,1.9,7.2,9.9,,Food and non-acoholic beverage
TTO,369,Trinidad and Tobago,Inflation,Food Consumer Price Inflation,4.3,4.6,11.5,19.0,30.0,16.9,11.9,6.9,9.1,13.8,19.3,16.6,13.6,5.0,10.0,8.5,10.6,19.4,12.8,22.5,17.1,6.1,8.7,18.9,17.6,16.8,10.1,10.2,15.0,8.6,8.3,14.0,10.1,13.6,12.9,23.0,23.1,17.5,25.9,12.7,22.1,10.5,19.1,8.7,10.0,8.6,7.5,2.9,1.1,0.6,2.8,4.4,8.8,,Food and non-acoholic beverage
TUN,744,Tunisia,Inflation,Food Consumer Price Inflation,10.2,10.2,1.9,7.3,0.0,0.8,16.5,4.7,6.2,9.3,13.6,8.9,13.3,8.0,9.7,9.2,5.8,6.5,7.9,8.4,6.9,8.5,4.3,2.7,4.3,8.3,3.8,4.2,2.7,2.3,4.6,2.0,4.0,3.4,4.9,0.1,5.4,2.8,6.2,4.3,9.4,4.6,7.0,7.2,5.0,4.5,2.7,5.6,7.2,6.9,4.7,6.3,9.8,,Food and non-acoholic beverage
TUR,186,Turkey,Inflation,Food Consumer Price Inflation,7.8,13.2,13.2,23.7,15.6,26.8,19.9,29.6,44.3,55.1,107.7,35.9,31.2,27.0,62.4,37.9,27.2,43.0,70.8,69.3,64.4,67.1,71.3,63.5,111.9,96.8,71.6,90.9,84.5,47.5,46.6,49.1,49.6,22.7,6.8,4.9,9.7,12.4,12.8,8.0,10.6,6.2,8.4,9.1,12.6,11.1,5.8,12.7,18.0,19.5,13.8,24.3,85.6,,Food and non-acoholic beverage
TZA,738,Tanzania,Inflation,Food Consumer Price Inflation,2.2,5.8,9.1,11.4,35.3,30.6,-0.2,13.9,13.6,11.0,27.2,23.5,32.8,27.2,37.8,29.2,34.8,30.6,34.8,30.2,35.0,31.9,21.2,22.8,32.4,33.4,20.4,17.5,14.7,8.8,6.8,6.1,4.1,6.5,8.2,4.7,7.0,7.0,12.7,17.5,7.6,16.0,20.6,8.5,7.4,8.4,7.5,9.1,3.0,2.9,4.8,4.3,6.6,,Food and non-acoholic beverage
UGA,746,Uganda,Inflation,Food Consumer Price Inflation,13.2,24.7,-5.5,18.6,75.5,23.5,62.0,79.5,,,,,,38.5,41.8,174.8,128.4,197.0,197.1,,19.2,23.9,65.3,-4.0,15.9,4.6,6.6,18.1,-2.0,6.9,1.0,-0.7,3.2,-0.2,-3.1,-6.9,5.9,2.7,19.8,25.2,2.7,29.3,13.6,2.3,3.8,7.4,5.5,10.1,-1.2,-0.2,1.8,0.7,11.5,,Food and non-acoholic beverage
UKR,926,Ukraine,Inflation,Food Consumer Price Inflation,0.0,0.4,0.2,0.1,0.5,0.1,-0.1,0.0,1.1,0.6,0.9,1.2,2.9,1.0,-0.2,1.8,4.7,4.7,-0.1,0.6,,,,5414.1,799.2,355.9,58.3,11.6,11.8,27.8,34.5,14.4,0.0,6.2,11.3,16.6,5.3,9.6,35.7,11.9,10.9,6.4,-2.1,-2.2,12.0,45.9,9.0,12.9,11.1,8.0,2.7,10.8,24.4,,Food and non-acoholic beverage
URY,298,Uruguay,Inflation,Food Consumer Price Inflation,11.7,24.5,93.8,,72.5,70.9,47.6,64.0,44.5,70.9,57.9,25.6,11.7,54.1,68.8,63.0,,59.6,57.9,80.6,120.6,85.4,60.0,51.4,40.6,41.5,23.6,18.4,10.5,2.8,6.3,3.0,15.0,22.5,11.4,3.0,5.6,16.1,13.7,5.2,6.0,9.5,8.4,10.7,10.4,9.5,9.6,2.8,8.3,8.8,13.8,6.8,10.6,,Food and non-acoholic beverage
USA,111,United States,Inflation,Food Consumer Price Inflation,5.4,3.1,4.1,13.3,13.8,8.4,3.1,6.0,9.8,10.7,8.6,7.8,4.1,2.2,3.8,2.3,3.3,4.1,4.1,5.7,5.8,3.6,1.4,2.1,2.3,2.8,3.3,2.6,2.1,2.2,2.3,3.1,1.8,2.1,3.4,2.4,2.3,3.9,5.4,1.9,0.8,3.6,2.5,1.4,2.3,1.8,0.3,0.9,1.4,0.9,3.5,3.5,11.4,,Food and non-acoholic beverage
UZB,927,Uzbekistan,Inflation,Food Consumer Price Inflation,,,,,,,,,,,,,,,,,,,,,,,,,,,,,,,,,,,,,,,,,,,,,,,0.3,15.9,14.9,,,14.4,15.0,,Food and non-acoholic beverage
VCT,364,St. Vincent and the Grenadines,Inflation,Food Consumer Price Inflation,4.0,4.0,4.5,21.4,39.6,14.3,11.6,10.5,6.7,12.2,14.4,14.4,5.4,5.4,1.4,-0.6,1.4,3.7,0.6,-0.3,8.0,9.1,3.7,2.5,0.1,3.3,6.6,-0.4,-2.5,0.5,-1.1,1.0,0.6,-0.7,4.7,5.4,3.6,7.4,14.7,2.1,1.3,3.5,3.3,2.0,1.6,-1.2,-0.6,2.5,2.3,0.6,1.7,2.4,9.0,,Food and non-acoholic beverage
VEN,299,"Venezuela, RB",Inflation,Food Consumer Price Inflation,1.4,3.5,4.9,7.6,12.7,14.7,8.8,12.4,9.3,16.6,33.1,18.5,9.7,7.8,17.2,22.4,19.2,41.5,39.9,125.8,47.2,37.7,30.5,33.3,58.2,59.9,88.1,46.1,38.8,16.9,10.6,16.2,28.3,37.6,33.8,21.1,20.1,26.8,42.8,28.0,33.0,29.9,24.8,54.2,86.7,218.7,217.7,482.7,38386.0,17710.8,2220.0,1934.6,166.4,,Food and non-acoholic beverage
VGB,,British Virgin Islands,Inflation,Food Consumer Price Inflation,,,,,,,,,,,,,,,,,,,,,,,,,,,,,,,,,,,,,,,,,,,,,1.6,1.4,1.2,-1.0,,,,,,,Food and non-acoholic beverage
VNM,582,Vietnam,Inflation,Food Consumer Price Inflation,35.3,13.8,29.1,47.0,48.7,,,,,,,,,,,,,,,,,,,,,,6.7,0.6,9.8,4.2,-3.8,-1.4,7.6,2.5,12.5,11.1,8.7,11.2,36.9,8.5,11.4,26.7,7.9,2.7,4.0,1.5,2.6,-1.1,3.2,4.1,9.4,0.7,2.4,,Food and non-acoholic beverage
VUT,846,Vanuatu,Inflation,Food Consumer Price Inflation,1.7,8.0,10.8,7.6,35.6,2.1,1.8,2.8,9.9,1.6,12.5,35.2,1.8,-3.2,1.9,-2.3,5.9,13.0,11.0,4.1,1.6,2.7,1.0,4.4,0.6,4.1,-1.1,0.7,3.3,1.4,2.0,2.2,0.5,2.2,3.4,-0.5,3.5,3.8,8.0,7.1,4.6,0.5,1.6,1.5,1.7,3.6,2.3,6.8,4.1,5.4,6.7,4.6,,,Food and non-acoholic beverage
WSM,862,Samoa,Inflation,Food Consumer Price Inflation,,,,,,,,,,,,,,,,,,,,,,,,,,,,,,,,,,,,,,,,,-1.0,5.2,2.0,0.7,-3.4,3.3,5.8,1.1,5.7,1.0,-1.4,3.4,16.3,,Food and non-acoholic beverage
YEM,474,"Yemen, Rep.",Inflation,Food Consumer Price Inflation,6.0,7.5,4.4,24.4,23.0,7.7,2.6,1.0,2.0,12.1,9.9,5.5,8.9,3.4,1.0,0.3,0.7,3.6,-0.3,,,39.5,30.5,38.5,60.3,55.9,31.0,2.9,5.5,10.4,5.3,15.7,4.8,16.7,19.0,18.8,34.8,18.0,,2.5,,,,,,,,,,,,,,,Food and non-acoholic beverage
ZAF,199,South Africa,Inflation,Food Consumer Price Inflation,3.9,5.4,6.9,16.1,14.8,15.3,6.1,11.2,12.6,15.9,19.2,21.7,11.2,11.8,10.9,12.1,20.3,22.7,15.7,11.0,16.0,19.6,25.3,6.8,13.7,8.7,6.1,9.5,6.2,4.9,7.8,5.4,17.4,8.1,1.9,2.0,6.1,9.5,15.3,9.5,1.4,7.1,7.1,5.7,7.6,5.1,10.5,6.9,3.6,3.6,4.4,6.1,9.3,,Food and non-acoholic beverage
ZMB,754,Zambia,Inflation,Food Consumer Price Inflation,6.6,6.6,9.2,7.4,12.1,11.4,22.9,15.5,14.3,6.5,13.3,12.8,24.1,19.8,16.7,36.2,54.5,62.1,62.4,136.3,98.8,89.3,156.2,176.0,51.1,35.2,42.5,21.4,24.6,22.6,22.6,18.9,27.1,22.1,16.4,18.6,4.9,5.3,13.8,14.2,5.2,4.8,7.0,6.5,7.2,11.1,21.3,5.8,7.1,10.4,16.2,27.7,12.8,,Food and non-acoholic beverage
ZWE,698,Zimbabwe,Inflation,Food Consumer Price Inflation,3.2,2.5,5.0,3.4,10.7,8.3,8.9,9.9,11.7,11.3,9.5,13.4,11.4,20.4,20.8,9.1,12.2,15.9,9.8,14.4,18.0,25.0,57.5,38.8,25.8,27.6,26.9,17.6,39.4,68.0,48.9,60.2,135.1,386.4,369.5,223.9,1034.2,7375.3,7375.3,-15.1,3.8,4.0,4.6,1.7,-3.1,-3.3,-3.3,2.5,14.6,86.1,601.0,105.8,150.0,,Food and non-acoholic beverage
VGB,284,British Virgin Islands,Inflation,Food Consumer Price Inflation,,,,,,,,,,,,,,,,,,,,,,,,,,,,,,,,,,,,,,,,,,,,4.3,1.6,1.1,1.4,-1.8,1.0,0.8,1.0,3.2,,,Food and non-acoholic beverage
NCL,687,New Caledonia,Inflation,Food Consumer Price Inflation,,,,,,,,,,,,,,,,,,,,,,,,,,,,,,,,,,,,,,,,,,,2.0,1.9,0.1,1.9,1.7,1.4,-0.2,-2.7,2.9,3.0,4.0,,Food and non-acoholic beverage
,,,,,,,,,,,,,,,,,,,,,,,,,,,,,,,,,,,,,,,,,,,,,,,,,,,,,,,,,,,
"Note:  For those countries where annual data are not yet availalbe for 2022, annual averages of monthly or quarterly inflation in 2022 with available data are included instead. ",,,,,,,,,,,,,,,,,,,,,,,,,,,,,,,,,,,,,,,,,,,,,,,,,,,,,,,,,,,